ID đơn,Order ID,Sàn,Game,Sản phẩm/Mã,Số lượng,Khách hàng,Doanh thu,Phí sàn,DThu thực nhận,Acc Title,SKU/IDKey,Acc Qty,Người tạo,Người xử lý,Ngày tạo,Ngày hoàn tất,Dịch vụ,Trạng thái,Loại đơn,Code,Request ID,Nguồn,Giá vốn,Nhãn nguồn,SKU,Giá vốn (auto/thủ công),Người xử lý (Daily),Trạng thái hàng trong đơn,Đơn extra (đơn bù) gắn kèm,Đơn gốc của đơn extra
9077009,1788204030767Y5OP-1,G1,PayPal Top Up - Gift Card,Ppal Wallet Top Up USD 5 (Global),1,1003539597,"6,19","0,31","5,88",,2PGPTUV49V,1,API,qtvtrangdt1,2026-09-01 02:20:31,2026-09-01 08:21:16,Gift Card,Hoàn Tất,Tự động,https://activatemycodes.com/a2tEQ3YxMlYwbUZ4MGxVN2E4S3RnY2VhMTYwUHN1M0VMY1BaZTFzdkx3WVMwVU9tTDdYampMR0lnWHVRZEZZNA==,"""203178822566560723",,"5,5",GIFTCARD,2PGPTUV49V,Tự động,,Hoàn Tất,,
9067657,1788121344392E2A5-1,G1,PayPal Top Up - Gift Card,Ppal Wallet Top Up USD 1 (Global),2,1003883857,"2,5","0,14","2,36",,2PGPTUBMM8,1,API,qtvtrangdt1,2026-08-31 03:22:25,2026-09-01 08:24:26,Gift Card,Hoàn Tất,Tự động,https://activatemycodes.com/UWprYjd6Z0RnbG02LzlnaTc2TmZnL3lPemhvUUJwMDZLcmUwenZLKzdqa1MwVU9tTDdYampMR0lnWHVRZEZZNA==,"""203178822585748372",,"1,13",GIFTCARD,2PGPTUBMM8,Tự động,,Hoàn Tất,,
9067657,1788121344392E2A5-1,G1,PayPal Top Up - Gift Card,Ppal Wallet Top Up USD 1 (Global),2,1003883857,0,0,0,,2PGPTUBMM8,1,API,qtvtrangdt1,2026-08-31 03:22:25,2026-09-01 08:24:26,Gift Card,Hoàn Tất,Tự động,https://activatemycodes.com/SUtsS0F0Q0F6UTN4d0d3dE16WkxYQXIxMjZQNnFuOWpwbG5Gam1sR21Cd1MwVU9tTDdYampMR0lnWHVRZEZZNA==,"""203178822585784369",,"1,13",GIFTCARD,2PGPTUBMM8,Tự động,,Đã up code,,
9084970,1788235223747OKOS-1,G1,Rewarble - Gift Card,Rewarble Super 15 CAD,1,1002190259,"14,99","0,75","14,24",,2PGRSGKKDF,1,API,,2026-09-01 11:00:24,2026-09-01 11:13:03,Gift Card,Hoàn Tất,Tự động,P61VSVNL3BURYSBE,"""203178823597471759",,"11,57",GIFTCARD,2PGRSGKKDF,Tự động,,Hoàn Tất,,
9068237,1788148962469HRG9-1,G1,Bit Cash,"BitCash Gift Card JPY 1,000 (JP)",1,1004359369,"8,2","0,41","7,79",,2PGBGCN2Y9,1,API,,2026-08-31 11:02:43,2026-09-01 14:31:17,Gift Card,Hoàn Tất,Tự động,つへるみあとよよわねろさとすさり,"""203178824787013403",,"6,5",GIFTCARD,2PGBGCN2Y9,Tự động,,Hoàn Tất,,
9085302,1788251076393YEHI-1,G1,PayPal Top Up - Gift Card,Ppal Wallet Top Up USD 1 (Global),1,1001581901,"1,25","0,06","1,19",,2PGPTUBMM8,1,API,,2026-09-01 15:24:37,2026-09-01 15:30:14,Gift Card,Hoàn Tất,Tự động,https://activatemycodes.com/WmxSM3kvWHVVazJWYlFnUmNkMEdmWTdUVzB3WUNhN3kySTRZdnZwVWZoc1MwVU9tTDdYampMR0lnWHVRZEZZNA==,"""203178825140466600",,"1,13",GIFTCARD,2PGPTUBMM8,Tự động,,Hoàn Tất,,
9085690,1788267804199D5CT-1,G1,Valorant,MENA 8700 Valorant Points MENA - 80 EUR,1,1000992171,"85,1","4,25","80,85",,2GGVGCGZ2U,1,API,qtvlinhmp,2026-09-01 20:03:25,2026-09-01 20:45:10,Gift Card,Hoàn Tất,Tự động,RA-5DB6LABFX5K5PTS7,"""193178827030554332",,"73,33",GIFTCARD,2GGVGCGZ2U,Tự động,,Hoàn Tất,,
9086011,1788277005446YEDD-1,G1,Razer Gold - Gift Card,Razer Gold 100 USD | USA,1,1003976911,105,"5,24","99,76",,2PGRGP6BM4,1,API,qtvlinhmp,2026-09-01 22:36:47,2026-09-01 23:37:29,Gift Card,Hoàn Tất,Tự động,TDQNU8F2JR3BAT,"""193178828064569396",,"94,16",GIFTCARD,2PGRGP6BM4,Tự động,,Hoàn Tất,,
9086139,1788280761778YECP-1,G1,Steam - Gift Card,Ukraine Steam Wallet 100 UAH,1,1001866672,"3,5","0,17","3,33",,2PGSWCYLI7,1,API,,2026-09-01 23:39:22,2026-09-01 23:51:51,Gift Card,Hoàn Tất,Tự động,MGWJ9-KAVCQ-GK9ZT,"""193178828150325007",,"2,42",GIFTCARD,2PGSWCYLI7,Tự động,,Hoàn Tất,,
9086923,1788311939014Z8NJ-1,G1,Valorant,NA 2050 Valorant Points NA -20 USD Card,1,1003592865,"21,02","1,05","19,97",,2GGVGCJ4DA,1,API,qtvtrangdt1,2026-09-02 08:18:59,2026-09-02 08:25:27,Gift Card,Hoàn Tất,Tự động,RA-LU6Y5GNLRNTVM93A,"""203178831232075019",,"19,04",GIFTCARD,2GGVGCJ4DA,Tự động,,Hoàn Tất,,
9086801,1788305530523EKEG-1,G1,Razer Gold - Gift Card,Razer Gold 15 USD | USA,1,1001765676,"17,5","1,07","16,43",,2PGRGPL4L7,1,API,qtvtrangdt1,2026-09-02 06:32:11,2026-09-02 08:42:19,Gift Card,Hoàn Tất,Tự động,MT9UWKVLRQESYYB5,"""203178831333421595",,"15,25",GIFTCARD,2PGRGPL4L7,Tự động,,Hoàn Tất,,
9087146,1788322539461NK9B-1,G1,Google Play - Gift Card,Google Play 50000 IDR | Indonesia,1,1004256547,"3,19","0,16","3,03",,2PGGPGI1O0,1,API,,2026-09-02 11:15:40,2026-09-02 11:26:46,Gift Card,Hoàn Tất,Tự động,0L4PY63NPY881AAU,"""203178832319959245",,"2,76",GIFTCARD,2PGGPGI1O0,Tự động,,Hoàn Tất,,
9087301,1788331959280X1ZL-1,G1,Rewarble - Gift Card,Rewarble Gift Cards USD 25 (Global),1,1003916882,"29,99","1,5","28,49",,2PGRGCUEIS,1,API,anhnqv,2026-09-02 13:52:40,2026-09-02 16:13:30,Gift Card,Hoàn Tất,Tự động,RNX3WH96K4UCKEXG,"""211178834040116173",,"25,95",GIFTCARD,2PGRGCUEIS,Tự động,,Hoàn Tất,,
9087782,1788351456299DUUX-1,G1,Rewarble - Gift Card,Rewarble Super 40 GBP,1,1001106665,68,"4,03","63,97",,2PGRSGVWP6,1,API,,2026-09-02 19:17:37,2026-09-02 19:43:25,Gift Card,Hoàn Tất,Tự động,YX6M4CB76C2IE6WT,"""211178835299653452",,"57,93",GIFTCARD,2PGRSGVWP6,Tự động,,Hoàn Tất,,
9087869,1788354888642I01E-1,G1,Valorant,EU 3650 Valorant Points EU - 35 EUR,1,1000866549,"43,95","2,63","41,32",,2GGVGC7976,1,API,anhnqv,2026-09-02 20:14:50,2026-09-02 20:28:07,Gift Card,Hoàn Tất,Tự động,RA-X7UFEFNSPRGS9M7R,"""211178835568191846",,"34,97",GIFTCARD,2GGVGC7976,Tự động,,Hoàn Tất,,
9088073,1788359916578NDT6-1,G1,Zing Code Gift Card,"Zing Code Gift Card 200,000 VND",1,1003943206,"8,65","0,43","8,22",,2PGZCGLQMB,1,API,,2026-09-02 21:38:37,2026-09-02 23:20:46,Gift Card,Hoàn Tất,Tự động,9M4KKW8KZ,"""193178836603943182",,"7,6",GIFTCARD,2PGZCGLQMB,Tự động,,Hoàn Tất,,
9088440,1788371988434L6OM-1,G1,Rewarble - Gift Card,Rewarble PayPal EU - 10 EUR,1,1002473598,"14,3","0,87","13,43",,2PGRPGXSED,1,API,,2026-09-03 00:59:49,2026-09-03 08:36:43,Gift Card,Hoàn Tất,Tự động,3D936LDL6WDC5P5M,"""193178839939552688",,"12,45",GIFTCARD,2PGRPGXSED,Tự động,,Hoàn Tất,,
9088680,1788379759225XTTO-1,G1,Rewarble - Gift Card,Rewarble Super 20 GBP,1,1004369134,33,"1,98","31,02",,2PGRSG84TG,1,API,,2026-09-03 03:09:20,2026-09-03 08:49:49,Gift Card,Hoàn Tất,Tự động,TNNREAEXAGT8AAQW,"""193178840018530542",,"27,98",GIFTCARD,2PGRSG84TG,Tự động,,Hoàn Tất,,
9088703,1788383334504MBN9-1,G1,PayPal Top Up - Gift Card,Ppal Wallet Top Up USD 150 (Global),1,1000576739,"185,8","9,27","176,53",,2PGPTUZ521,1,API,qtvlinhmp,2026-09-03 04:08:55,2026-09-03 08:56:48,Gift Card,Hoàn Tất,Tự động,https://activatemycodes.com/R2FxZEJaMkZHUmlyWFgyeEFmN0ZEejMyVzZyd2lxc2lTZWlUY1pDUVVUWjUzQjF1VUlPTVluQlN4eS9MeE5WWA==,"""193178840060423820",,"165,01",GIFTCARD,2PGPTUZ521,Tự động,,Hoàn Tất,,
9089041,1788399929036M609-1,G1,Rewarble - Gift Card,Rewarble Gift Cards EUR 25 (Global),1,5497214,"34,04","1,7","32,34",,2PGRGCL9MI,1,API,qtvlinhmp,2026-09-03 08:45:34,2026-09-03 09:35:56,Gift Card,Hoàn Tất,Tự động,SAS61USB7LKMNK8W,"""193178840294759205",,"30,06",GIFTCARD,2PGRGCL9MI,Tự động,,Hoàn Tất,,
9089252,1788407747855S01Y-1,G1,PayPal Top Up - Gift Card,Ppal Wallet Top Up USD 20 (Global),1,1003210053,26,"1,3","24,7",,2PGPTUOEYH,1,API,,2026-09-03 10:55:48,2026-09-03 11:29:28,Gift Card,Hoàn Tất,Tự động,https://activatemycodes.com/RjVtOWNRT2czUFhZd0V2TTNBa2hHcnRMck9VT0tkNXMyOWFiNThhUnlxNTUzQjF1VUlPTVluQlN4eS9MeE5WWA==,"""203178840975949324",,22,GIFTCARD,2PGPTUOEYH,Tự động,,Hoàn Tất,,
9096745,1788414555263LJ25-1,G1,PayPal Top Up - Gift Card,Ppal Wallet Top Up USD 1 (Global),3,1004141156,"3,87","0,19","3,68",,2PGPTUBMM8,1,API,,2026-09-03 12:49:16,2026-09-03 13:06:28,Gift Card,Hoàn Tất,Tự động,https://activatemycodes.com/bVFFODBSalpQeHlQUFduS1hzYi92Y1RhVWx5dkdOOFAyeEFQUmp2V1N6cDUzQjF1VUlPTVluQlN4eS9MeE5WWA==,"""193178841557655212",,"1,13",GIFTCARD,2PGPTUBMM8,Tự động,,Hoàn Tất,,
9096745,1788414555263LJ25-1,G1,PayPal Top Up - Gift Card,Ppal Wallet Top Up USD 1 (Global),3,1004141156,0,0,0,,2PGPTUBMM8,1,API,,2026-09-03 12:49:16,2026-09-03 13:06:28,Gift Card,Hoàn Tất,Tự động,https://activatemycodes.com/dkU4Rk4xNHRmMXUvNkpPTnBZVUN3Uk9udmkxZEJveW56ZkdSOUovQmE3eDUzQjF1VUlPTVluQlN4eS9MeE5WWA==,"""193178841557696897",,"1,13",GIFTCARD,2PGPTUBMM8,Tự động,,Đã up code,,
9096745,1788414555263LJ25-1,G1,PayPal Top Up - Gift Card,Ppal Wallet Top Up USD 1 (Global),3,1004141156,0,0,0,,2PGPTUBMM8,1,API,,2026-09-03 12:49:16,2026-09-03 13:06:28,Gift Card,Hoàn Tất,Tự động,https://activatemycodes.com/bHJsTTNXV1lNTGFxR0w5S1R1eWFBRTNndXpSeWp2V3FBalNrRS9aNlhyMTUzQjF1VUlPTVluQlN4eS9MeE5WWA==,"""193178841557663714",,"1,13",GIFTCARD,2PGPTUBMM8,Tự động,,Đã up code,,
9097045,1788423477533LKFW-1,G1,Rewarble - Gift Card,Rewarble Super Gift Card UK 100 GBP,1,1003417643,161,"9,64","151,36",,2PGRSGHG25,1,API,qtvlinhmp,2026-09-03 15:17:58,2026-09-03 15:46:00,Gift Card,Hoàn Tất,Tự động,VA3QF8BHS7F3EDCV,"""193178842515437383",,"140,15",GIFTCARD,2PGRSGHG25,Tự động,,Hoàn Tất,,
9097171,1788427808125WUGY-1,G1,Bit Cash,"BitCash Gift Card JPY 2,000 (JP)",1,1004370788,18,"1,12","16,88",,2PGBGCB52W,1,API,anhnqv,2026-09-03 16:30:09,2026-09-03 16:54:16,Gift Card,Hoàn Tất,Tự động,ろめせりすいあわほのえとすふもさ,"""211178842924891964",,"13,24",GIFTCARD,2PGBGCB52W,Tự động,,Hoàn Tất,,
9088904,1788391483650QELE-1,G1,Valorant,EU 3650 Valorant Points EU - 35 EUR,1,1000817820,"43,95","2,56","41,39",,2GGVGC7976,1,API,anhnqv,2026-09-03 06:24:44,2026-09-03 22:37:45,Gift Card,Hoàn Tất,Tự động,RA-44YCHAJM8XTZB927,"""211178844985875816",,"34,97",GIFTCARD,2GGVGC7976,Tự động,,Hoàn Tất,,
9098004,1788451821910JC4Y-1,G1,Touch ‘n Go Gift Card,Touch 'n Go eWallet Reload PIN worth MYR 500 (MY),1,6167422,"150,29","7,5","142,79",,2PGTGRZWAC,1,API,,2026-09-03 23:10:23,2026-09-03 23:35:44,Gift Card,Hoàn Tất,Tự động,5714740692,"""211178845333775327",,"128,57",GIFTCARD,2PGTGRZWAC,Tự động,,Hoàn Tất,,
9098525,1788470445624FU1Z-1,G1,Razer Gold - Gift Card,Razer Gold 15 USD | USA,1,5160743,"17,5","1,09","16,41",,2PGRGPL4L7,1,API,,2026-09-04 04:20:46,2026-09-04 09:09:24,Gift Card,Hoàn Tất,Tự động,2B5PNM899JCHQECZ,"""193178848775771223",,"15,25",GIFTCARD,2PGRGPL4L7,Tự động,,Hoàn Tất,,
9098502,1788467655585B33K-1,G1,LOL - League of Legends,Riot Points GC 10 Euro,1,1001908828,"13,6","0,68","12,92",,2GGRPGGMK6,1,API,,2026-09-04 03:34:16,2026-09-04 09:21:21,Gift Card,Hoàn Tất,Tự động,RA-RC6KZ49N926C3X98,"""193178848847677764",,"11,51",GIFTCARD,2GGRPGGMK6,Tự động,,Hoàn Tất,,
9098709,1788478417883SQIX-1,G1,Valorant,NA 2050 Valorant Points NA -20 USD Card,5,1003510993,"105,1","6,24","98,86",,2GGVGCJ4DA,1,API,qtvlinhmp,2026-09-04 06:33:38,2026-09-04 09:32:38,Gift Card,Hoàn Tất,Tự động,RA-6QVZ354WXQGWVDXC,"""193178848914986507",,"18,18",GIFTCARD,2GGVGCJ4DA,Tự động,,Hoàn Tất,,
9098709,1788478417883SQIX-1,G1,Valorant,NA 2050 Valorant Points NA -20 USD Card,5,1003510993,0,0,0,,2GGVGCJ4DA,1,API,qtvlinhmp,2026-09-04 06:33:38,2026-09-04 09:32:38,Gift Card,Hoàn Tất,Tự động,RA-JDZNYMZTTE9U89CP,"""193178848914931561",,"18,18",GIFTCARD,2GGVGCJ4DA,Tự động,,Đã up code,,
9098709,1788478417883SQIX-1,G1,Valorant,NA 2050 Valorant Points NA -20 USD Card,5,1003510993,0,0,0,,2GGVGCJ4DA,1,API,qtvlinhmp,2026-09-04 06:33:38,2026-09-04 09:32:38,Gift Card,Hoàn Tất,Tự động,RA-FTK5NMWF52JBQFPV,"""193178848914951644",,"18,18",GIFTCARD,2GGVGCJ4DA,Tự động,,Đã up code,,
9098709,1788478417883SQIX-1,G1,Valorant,NA 2050 Valorant Points NA -20 USD Card,5,1003510993,0,0,0,,2GGVGCJ4DA,1,API,qtvlinhmp,2026-09-04 06:33:38,2026-09-04 09:32:38,Gift Card,Hoàn Tất,Tự động,RA-N2X99995QVZ2YFYC,"""193178848914997014",,"18,18",GIFTCARD,2GGVGCJ4DA,Tự động,,Đã up code,,
9098709,1788478417883SQIX-1,G1,Valorant,NA 2050 Valorant Points NA -20 USD Card,5,1003510993,0,0,0,,2GGVGCJ4DA,1,API,qtvlinhmp,2026-09-04 06:33:38,2026-09-04 09:32:38,Gift Card,Hoàn Tất,Tự động,RA-5APDG2J76WUAJL6P,"""193178848914929077",,"18,18",GIFTCARD,2GGVGCJ4DA,Tự động,,Đã up code,,
9098783,1788482062531JEMU-1,G1,Amazon - Gift Card,Amazon Gift Card 25 GBP United Kingdom,1,1003366528,"41,12","2,05","39,07",,2PGAGCYO33,1,API,qtvlinhmp,2026-09-04 07:34:28,2026-09-04 09:46:41,Gift Card,Hoàn Tất,Tự động,SRHM-R7RMVA-W4BH,"""193178848999261228",,"35,12",GIFTCARD,2PGAGCYO33,Tự động,,Hoàn Tất,,
9099256,1788498109533A8XD-1,G1,Amazon - Gift Card,Amazon Gift Card USD 15 (US),1,1001961109,"16,4","0,82","15,58",,2PGAGC3IFF,1,API,,2026-09-04 12:01:50,2026-09-04 13:44:07,Gift Card,Hoàn Tất,Tự động,GD4C-C8LABN-3UAT,"""193178850423851001",,"14,28",GIFTCARD,2PGAGC3IFF,Tự động,,Hoàn Tất,,
9099271,1788499449174JLCJ-1,G1,Rewarble - Gift Card,Rewarble Gift Cards USD 50 (Global),1,1004374094,358,"17,86","340,14",,2PGRGCA8IE,1,API,,2026-09-04 12:24:10,2026-09-04 13:54:43,Gift Card,Hoàn Tất,Tự động,MAXCAW2M3J7P2XD5,"""193178850487584291",,"51,9",GIFTCARD,2PGRGCA8IE,Tự động,,Hoàn Tất,,
9099589,1788509375745PZG0-1,G1,Rewarble - Gift Card,Rewarble Super Gift Card UK 100 GBP,1,1003417643,825,"49,4","775,6",,2PGRSGHG25,1,API,,2026-09-04 15:09:39,2026-09-04 15:52:23,Gift Card,Hoàn Tất,Tự động,WHV87QT1GCX7ZEQA,"""193178851193288549",,"140,59",GIFTCARD,2PGRSGHG25,Tự động,,Hoàn Tất,,
9100072,1788526271171XUQ7-1,G1,Amazon - Gift Card,Amazon Gift Card USD 20 (US),1,5887302,"22,2","1,11","21,09",,2PGAGCQQNO,1,API,anhnqv,2026-09-04 19:51:12,2026-09-04 20:00:01,Gift Card,Hoàn Tất,Tự động,DGR2-CEK9L2-94AA,"""211178852679336756",,"19,24",GIFTCARD,2PGAGCQQNO,Tự động,,Hoàn Tất,,
9100444,1788538156243GG8H-1,G1,PayPal Top Up - Gift Card,Ppal Wallet Top Up USD 15 (Global),1,1003416927,"19,07","0,95","18,12",,2PGPTURWWD,1,API,anhnqv,2026-09-04 23:09:18,2026-09-04 23:25:45,Gift Card,Hoàn Tất,Tự động,https://activatemycodes.com/UTB1VlJ1bk5BZ0l6TUszUHZxTDRBOEFKWlRnaVN2YVhlbXB3aHA0QWJmbzNIallpK3o4U3VoM0d0TUZucEsyYw==,"""211178853913840376",,"16,52",GIFTCARD,2PGPTURWWD,Tự động,,Hoàn Tất,,
9100451,1788538562829E825-1,G1,LOL - League of Legends,Riot Points GC 10 Euro,1,6625940,"13,6","0,68","12,92",,2GGRPGGMK6,1,API,,2026-09-04 23:16:04,2026-09-04 23:26:42,Gift Card,Hoàn Tất,Tự động,RA-Z5EB48M9246AP9ZX,"""211178853919345146",,"11,51",GIFTCARD,2GGRPGGMK6,Tự động,,Hoàn Tất,,
9101225,1788569640697K1XA-1,G1,Amazon - Gift Card,Amazon Gift Card USD 25 (US),1,1001452561,27,"1,35","25,65",,2PGAGCTHQA,1,API,qtvlinhmp,2026-09-05 07:54:01,2026-09-05 09:36:11,Gift Card,Hoàn Tất,Tự động,VX55-YWGJ9R-M3AA,"""193178857576129008",,"23,8",GIFTCARD,2PGAGCTHQA,Tự động,,Hoàn Tất,,
9101214,1788568532216RN60-1,G1,Bit Cash,"BitCash Gift Card JPY 1,000 (JP)",1,1004370788,"8,2","0,51","7,69",,2PGBGCN2Y9,1,API,,2026-09-05 07:35:33,2026-09-05 09:38:15,Gift Card,Hoàn Tất,Tự động,あろられあこけつやりちきよねよら,"""193178857589085342",,"6,66",GIFTCARD,2PGBGCN2Y9,Tự động,,Hoàn Tất,,
9100782,1788547244050DAQ1-1,G1,Valorant,EU 2575 Valorant Points EU - 25 EUR,1,1002335311,"33,1","1,98","31,12",,2GGVGCNWWM,1,API,qtvlinhmp,2026-09-05 01:40:46,2026-09-05 09:53:23,Gift Card,Hoàn Tất,Tự động,RA-65SAU2FSD7K26HRY,"""193178857679525702",,"25,16",GIFTCARD,2GGVGCNWWM,Tự động,,Hoàn Tất,,
9099902,1788519591342FH9W-1,G1,PSN - Gift card,UK Playstation Network 70 GBP,1,1004374821,"98,5","4,92","93,58",,2PGPNG525G,1,API,qtvlinhmp,2026-09-04 17:59:54,2026-09-05 10:05:35,Gift Card,Hoàn Tất,Tự động,EL3Q-C2XR-NJ5X,"""193178857752712470",,"86,38",GIFTCARD,2PGPNG525G,Tự động,,Hoàn Tất,,
9101624,1788584766381JJRK-1,G1,GCASH - Gift Card,"GCASH PHP 1,000 (PH)",1,1002381503,"21,9","1,09","20,81",,2PGGGCOU13,1,API,,2026-09-05 12:06:07,2026-09-05 12:15:57,Gift Card,Hoàn Tất,Tự động,https://portal.gifted.ph/voucher/904b7ed2-9ab0-4647-9915-85f159996528,"""203178858535020993",,"17,77",GIFTCARD,2PGGGCOU13,Tự động,,Hoàn Tất,,
9100796,1788548666895H9R7-1,G1,Amazon - Gift Card,Amazon Gift Card USD 50 (US),1,1004331556,"75,99","4,51","71,48",,2PGAGCDJW7,1,API,,2026-09-05 02:04:27,2026-09-05 14:18:42,Gift Card,Hoàn Tất,Tự động,S3LQ3G5E76QUAM,"""203178859271330871",,"49,99",GIFTCARD,2PGAGCDJW7,Tự động,,Hoàn Tất,,
9101835,1788591985257W5TS-1,G1,Rewarble - Gift Card,Rewarble Gift Cards USD 100 (Global),1,1004374674,"284,8","14,21","270,59",,2PGRGCNHTT,1,API,,2026-09-05 14:06:26,2026-09-05 14:26:27,Gift Card,Hoàn Tất,Tự động,FVBAK7UU1M2RI8ZV,"""203178859317964835",,"103,79",GIFTCARD,2PGRGCNHTT,Tự động,,Hoàn Tất,,
9102477,1788609018737KH9V-1,G1,Razer Gold - Gift Card,Razer Gold 15 USD | USA,1,1003417315,"17,5","0,87","16,63",,2PGRGPL4L7,1,API,anhnqv,2026-09-05 18:50:19,2026-09-05 20:58:08,Gift Card,Hoàn Tất,Tự động,T2YLZVCEPZK5WMCN,"""211178861668363216",,"15,25",GIFTCARD,2PGRGPL4L7,Tự động,,Hoàn Tất,,
9103637,1788627356296IMXL-1,G1,Steam - Gift Card,Steam Wallet 50 USD Global,1,1001825654,58,"3,5","54,5",,2PGSWCA5KH,1,API,,2026-09-05 23:55:58,2026-09-06 00:10:11,Gift Card,Hoàn Tất,Tự động,Z42RP-JJT2K-HD3G9--9C6EL-87I0L-JCKLW--48BW5-C0FWK-NNNBI,"""211178862820385802",,"50,12",GIFTCARD,2PGSWCA5KH,Tự động,,Hoàn Tất,,
9104442,1788658325450QB6Z-1,G1,Valorant,MENA 2575 Valorant Points MENA - 25 EUR,1,5504021,"25,66","1,6","24,06",,2GGVGCP861,1,API,qtvtrangdt1,2026-09-06 08:32:06,2026-09-06 08:52:36,Gift Card,Hoàn Tất,Tự động,RA-TNN2YF2KGC46AN6H,"""203178865954723137",,"23,49",GIFTCARD,2GGVGCP861,Tự động,,Hoàn Tất,,
9103978,1788635078684WOPG-1,G1,Bit Cash,"BitCash Gift Card JPY 1,000 (JP)",1,1004352925,"8,2","0,41","7,79",,2PGBGCN2Y9,1,API,,2026-09-06 02:04:39,2026-09-06 09:03:46,Gift Card,Hoàn Tất,Tự động,ねさるてめしすいせるいかやるかな,"""203178866021651974",,"6,66",GIFTCARD,2PGBGCN2Y9,Tự động,,Hoàn Tất,,
9103662,1788628275834RYMX-1,G1,PSN - Gift card,PSN Gift Card 250 CAD - Canada,1,1003656551,"198,95","9,93","189,02",,2PGPNG2S5E,1,API,qtvtrangdt1,2026-09-06 00:11:16,2026-09-06 09:06:00,Gift Card,Hoàn Tất,Tự động,L3N3-BC6J-MGHH,"""203178866035485980",,"170,09",GIFTCARD,2PGPNG2S5E,Tự động,,Hoàn Tất,,
9103661,1788628228784WPMP-1,G1,LOL - League of Legends,Riot Points GC 10 Euro,1,1001246513,"13,6","0,82","12,78",,2GGRPGGMK6,1,API,qtvtrangdt1,2026-09-06 00:10:29,2026-09-06 09:08:59,Gift Card,Hoàn Tất,Tự động,RA-G8FAU5UHQW3AXLVB,"""203178866053441696",,"11,5",GIFTCARD,2GGRPGGMK6,Tự động,,Hoàn Tất,,
9104265,1788648053743UKRI-1,G1,LOL - League of Legends,Riot Points GC 10 Euro,1,1000742958,"13,6","0,84","12,76",,2GGRPGGMK6,1,API,qtvtrangdt1,2026-09-06 05:40:54,2026-09-06 09:19:21,Gift Card,Hoàn Tất,Tự động,RA-N47E6CXDTNKM8VHM,"""203178866115819732",,"11,5",GIFTCARD,2GGRPGGMK6,Tự động,,Hoàn Tất,,
9104274,1788648995797IBMY-1,G1,Steam - Gift Card,US Steam Wallet 25 USD,1,7575814,30,"1,5","28,5",,2PGSWCEHGO,1,API,,2026-09-06 05:56:36,2026-09-06 11:14:38,Gift Card,Hoàn Tất,Tự động,-3O82R-W5JVL-47K5ZZWVGI-3Q7TZ-E8L2E,"""203178866806872984",,"25,3",GIFTCARD,2PGSWCEHGO,Tự động,,Hoàn Tất,,
9112081,1788675858383Y83I-1,G1,Valorant - Gift Card,NA 5350 Valorant Points NA - 50 USD Card,1,1001993970,"51,95","2,59","49,36",,2GGVGCKSW5,1,API,qtvanhltv,2026-09-06 13:24:24,2026-09-06 14:12:20,Gift Card,Hoàn Tất,Tự động,RA-3UPP6FGR2Q9RUL6S,"""185178867873235404",,"47,08",GIFTCARD,2GGVGCKSW5,Tự động,,Hoàn Tất,,
9112178,1788680134855A775-1,G1,Zing Code Gift Card,"Zing Code Gift Card 200,000 VND",1,1004189110,"8,65","0,43","8,22",,2PGZCGLQMB,1,API,,2026-09-06 14:35:35,2026-09-06 16:23:41,Gift Card,Hoàn Tất,Tự động,78PW94MNT,"""193178868661575176",,"7,61",GIFTCARD,2PGZCGLQMB,Tự động,,Hoàn Tất,,
9112265,1788684238323KTJV-1,G1,Valorant,EU 3650 Valorant Points EU - 35 EUR,1,1003465131,"43,95","2,61","41,34",,2GGVGC7976,1,API,qtvlinhmp,2026-09-06 15:43:59,2026-09-06 16:25:41,Gift Card,Hoàn Tất,Tự động,RA-XSWU9E2P468BP7PJ,"""193178868673762801",,"34,97",GIFTCARD,2GGVGC7976,Tự động,,Hoàn Tất,,
9112197,1788681359763EPE0-1,G1,Rewarble - Gift Card,Rewarble Gift Cards USD 10 (Global),1,1002167598,"12,5","0,62","11,88",,2PGRGCQU4H,1,API,qtvlinhmp,2026-09-06 14:56:00,2026-09-06 16:41:44,Gift Card,Hoàn Tất,Tự động,NSEDBA895W3FEM8S,"""193178868769711807",,"10,38",GIFTCARD,2PGRGCQU4H,Tự động,,Hoàn Tất,,
9113491,1788728814325RWUM-1,G1,Zing Code Gift Card,"Zing Code Gift Card 200,000 VND",1,1004189110,"8,65","0,43","8,22",,2PGZCGLQMB,1,API,,2026-09-07 04:06:55,2026-09-07 08:48:16,Gift Card,Hoàn Tất,Tự động,JWBAPTBPD,"""203178874569095567",,"7,6",GIFTCARD,2PGZCGLQMB,Tự động,,Hoàn Tất,,
9113753,1788741826775FCK7-1,G1,PayPal Top Up - Gift Card,Ppal Wallet Top Up USD 1 (Global),1,1001763747,"1,29","0,06","1,23",,2PGPTUBMM8,1,API,qtvtrangdt1,2026-09-07 07:43:52,2026-09-07 08:49:37,Gift Card,Hoàn Tất,Tự động,https://activatemycodes.com/bHlnVUFZZGtRNlZHKytURzFNR21lMElMY2JnM3JlYWx1VFZ4TW1pcmsyMDNIallpK3o4U3VoM0d0TUZucEsyYw==,"""203178874576945768",,"1,13",GIFTCARD,2PGPTUBMM8,Tự động,,Hoàn Tất,,
9120884,1788746308226Z404-1,G1,Rewarble - Gift Card,Rewarble Mastercard 40 USD,1,1003655393,49,"2,45","46,55",,2PGRMG01TT,1,API,qtvtrangdt1,2026-09-07 08:58:29,2026-09-07 09:17:24,Gift Card,Hoàn Tất,Tự động,ZUN5UWY4XGJ3VUZ2,"""203178874743989334",,"43,09",GIFTCARD,2PGRMG01TT,Tự động,,Hoàn Tất,,
9113339,1788720171774FXAZ-1,G1,Valorant - Gift Card,NA 1000 Valorant Points NA - 10 USD Card,1,1004177417,"10,48","0,52","9,96",,2GGVGCRVTQ,1,API,,2026-09-07 01:42:52,2026-09-07 11:13:34,Gift Card,Hoàn Tất,Tự động,RA-LLWHGMF2KF9M7QRB,"""203178875440585954",,"9,31",GIFTCARD,2GGVGCRVTQ,Tự động,,Hoàn Tất,,
9137942,1788771683767UA3H-1,G1,PayPal Top Up - Gift Card,Ppal Wallet Top Up USD 1 (Global),1,1001763747,"1,29","0,06","1,23",,2PGPTUBMM8,1,API,,2026-09-07 16:01:24,2026-09-07 17:01:39,Gift Card,Hoàn Tất,Tự động,https://activatemycodes.com/NG9hYk5MMGlRb2pzR3hJNmtJZGh0L1VRNi9XbU5kelZLSFJHaXNwL1Q0QTNIallpK3o4U3VoM0d0TUZucEsyYw==,"""185178877529063108",,"1,13",GIFTCARD,2PGPTUBMM8,Tự động,,Hoàn Tất,,
9138138,1788777499035FJPT-1,G1,Rewarble - Gift Card,Rewarble Gift Card USD 20 (Global),1,1004325950,"24,27","1,21","23,06",,2PGRGCJ67F,1,API,,2026-09-07 17:38:20,2026-09-07 19:17:32,Gift Card,Hoàn Tất,Tự động,1QPRQSBBYH1MEYWW,"""185178878344945552",,"20,76",GIFTCARD,2PGRGCJ67F,Tự động,,Hoàn Tất,,
9138847,1788800122863V481-1,G1,Amazon - Gift Card,Amazon Gift Card USD 20 (US),1,1002178195,"22,2","1,11","21,09",,2PGAGCQQNO,1,API,,2026-09-07 23:55:23,2026-09-08 00:12:10,Gift Card,Hoàn Tất,Tự động,8TBK-Y44TL7-JJAT,"""193178880112472764",,"19,24",GIFTCARD,2PGAGCQQNO,Tự động,,Hoàn Tất,,
9139656,1788833107855GBCN-1,G1,Amazon - Gift Card,Amazon Gift Card USD 100 (US),1,7324120,"113,95","5,69","108,26",,2PGAGCOLJT,1,API,qtvlinhmp,2026-09-08 09:05:09,2026-09-08 10:49:03,Gift Card,Hoàn Tất,Tự động,45LX-MN6BBT-LHA7,"""193178883933384057",,"99,21",GIFTCARD,2PGAGCOLJT,Tự động,,Hoàn Tất,,
9139422,1788822545467XG53-1,G1,Valorant,MENA 2575 Valorant Points MENA - 25 EUR,1,1004389100,"26,95","1,34","25,61",,2GGVGCP861,1,API,,2026-09-08 06:09:06,2026-09-08 10:51:05,Gift Card,Hoàn Tất,Tự động,RA-UFEELG9JRWYV6WT3,"""193178883946044323",,"23,49",GIFTCARD,2GGVGCP861,Tự động,,Hoàn Tất,,
9139430,1788823701139M3MD-1,G1,PayPal Top Up - Gift Card,Paypal Wallet Top Up CAD 5 (Global),1,1004389143,"5,64","0,28","5,36",,2PGPTUDM87,1,API,qtvlinhmp,2026-09-08 06:28:22,2026-09-08 11:16:31,Gift Card,Hoàn Tất,Tự động,https://activatemycodes.com/QU9sdzRvTEtXWEV0NmRrZGQ0N0U3UHV6R241aHVlK2dEbWQ0T1lGdjhXMDNIallpK3o4U3VoM0d0TUZucEsyYw==,"""193178884098122050",,"3,95",GIFTCARD,2PGPTUDM87,Tự động,,Hoàn Tất,,
9139861,1788843767589AVLP-1,G1,PayPal Top Up - Gift Card,Ppal Wallet Top Up USD 1 (Global),1,1003696452,"1,29","0,06","1,23",,2PGPTUBMM8,1,API,,2026-09-08 12:02:48,2026-09-08 12:30:42,Gift Card,Hoàn Tất,Tự động,https://activatemycodes.com/TUdReE5VeHBndEZUUGk4ZkJDWkxoYjJNVkVFRUc4RDF0aE1HNmFBd1p4NDNIallpK3o4U3VoM0d0TUZucEsyYw==,"""203178884543421010",,"1,13",GIFTCARD,2PGPTUBMM8,Tự động,,Hoàn Tất,,
9139118,1788809709258HRFF-1,G1,Amazon - Gift Card,Amazon Gift Card 25 GBP United Kingdom,1,1004046014,"40,2","2,51","37,69",,2PGAGCYO33,1,API,,2026-09-08 02:35:10,2026-09-08 13:46:23,Gift Card,Hoàn Tất,Tự động,LS4L-8PYXWS-5AB9,"""203178884998091388",,"35,14",GIFTCARD,2PGAGCYO33,Tự động,,Hoàn Tất,,
9104112,1788639164585HRZ8-1,G1,Rewarble - Gift Card,Rewarble Gift Card USD 20 (Global),1,1004328731,52,"2,59","49,41",,2PGRGCJ67F,1,API,,2026-09-06 03:12:45,2026-09-08 14:10:51,Gift Card,Hoàn Tất,Tự động,T65WZEG3BTJXU13J,"""203178885144465436",,"20,76",GIFTCARD,2PGRGCJ67F,Tự động,,Hoàn Tất,,
9140178,1788856034492IW8J-1,G1,Steam - Gift Card,US Steam Wallet 25 USD,1,1003083889,30,"1,5","28,5",,2PGSWCEHGO,1,API,,2026-09-08 15:27:15,2026-09-08 17:41:08,Gift Card,Hoàn Tất,Tự động,75F7L-VIIZZ-H7RE2--QDQ9W-WI7CA-EEXW0,"""185178886406242434",,"24,95",GIFTCARD,2PGSWCEHGO,Tự động,,Hoàn Tất,,
9147497,1788863675467R9CG-1,G1,Rewarble - Gift Card,Rewarble Super 10 GBP,1,1004193409,"16,8","0,84","15,96",,2PGRSGJP8O,1,API,,2026-09-08 17:34:36,2026-09-08 17:52:54,Gift Card,Hoàn Tất,Tự động,246Y8BLT76Q37AWU,"""185178886476888790",,"14,05",GIFTCARD,2PGRSGJP8O,Tự động,,Hoàn Tất,,
9147589,1788867413794SS20-1,G1,Rewarble - Gift Card,Rewarble Super 10 GBP,1,1004193409,"16,8","0,84","15,96",,2PGRSGJP8O,1,API,,2026-09-08 18:36:54,2026-09-08 19:01:23,Gift Card,Hoàn Tất,Tự động,6BLWDPPG3KR2QC11,"""185178886887310368",,"14,05",GIFTCARD,2PGRSGJP8O,Tự động,,Hoàn Tất,,
9147500,1788863723508UOJ3-1,G1,Bit Cash,"BitCash Gift Card JPY 20,000 (JP)",3,1001427085,"558,3","27,86","530,44",,2PGBGC9RMB,1,API,,2026-09-08 17:35:24,2026-09-08 19:14:55,Gift Card,Hoàn Tất,Tự động,むむにあるのはへひいしぬつきゆよ,"""185178886469410709",,"134,82",GIFTCARD,2PGBGC9RMB,Tự động,,Hoàn Tất,,
9147500,1788863723508UOJ3-1,G1,Bit Cash,"BitCash Gift Card JPY 20,000 (JP)",3,1001427085,0,0,0,,2PGBGC9RMB,1,API,,2026-09-08 17:35:24,2026-09-08 19:14:55,Gift Card,Hoàn Tất,Tự động,にえもたきちふめこわくうせおてと,"""185178886968876713",,"134,82",GIFTCARD,2PGBGC9RMB,Tự động,,Đã up code,,
9147500,1788863723508UOJ3-1,G1,Bit Cash,"BitCash Gift Card JPY 20,000 (JP)",3,1001427085,0,0,0,,2PGBGC9RMB,1,API,,2026-09-08 17:35:24,2026-09-08 19:14:55,Gift Card,Hoàn Tất,Tự động,まめてひてひしれもおにろはすかお,"""185178886968826393",,"134,82",GIFTCARD,2PGBGC9RMB,Tự động,,Đã up code,,
9139192,1788810557249J5BM-1,G1,Rewarble - Gift Card,Rewarble Gift Card USD 20 (Global),1,1004377198,51,"3,05","47,95",,2PGRGCJ67F,1,API,anhnqv,2026-09-08 02:49:18,2026-09-08 21:13:39,Gift Card,Hoàn Tất,Tự động,HW2RWGTGHJWRW6PY,"""211178887681345194",,"20,76",GIFTCARD,2PGRGCJ67F,Tự động,,Hoàn Tất,,
9148746,1788911805990ZC1X-1,G1,GCASH - Gift Card,"GCASH PHP 1,000 (PH)",1,1003614363,"21,9","1,09","20,81",,2PGGGCOU13,1,API,,2026-09-09 06:56:47,2026-09-09 09:07:53,Gift Card,Hoàn Tất,Tự động,https://portal.gifted.ph/voucher/2c86eb22-9160-4cc0-807a-e2c9f1d09fc4,"""193178891966765535",,"17,81",GIFTCARD,2PGGGCOU13,Tự động,,Hoàn Tất,,
9148028,1788882045692QYI0-1,G1,Razer Gold - Gift Card,Razer Gold 15 USD | USA,1,1003455496,"17,5","0,87","16,63",,2PGRGPL4L7,1,API,,2026-09-08 22:40:46,2026-09-09 09:10:50,Gift Card,Hoàn Tất,Tự động,Y5Z28MQKRLSCR4B7,"""193178891984134491",,"15,25",GIFTCARD,2PGRGPL4L7,Tự động,,Hoàn Tất,,
9150465,1788967806151KBRL-1,G1,Rewarble - Gift Card,Rewarble Super 25 GBP,1,1000327859,"41,5","2,48","39,02",,2PGRSG8Y4D,1,API,,2026-09-09 22:30:07,2026-09-09 22:51:30,Gift Card,Hoàn Tất,Tự động,SEX3IEL3SQL6V3FA,"""211178896908581357",,"35,18",GIFTCARD,2PGRSG8Y4D,Tự động,,Hoàn Tất,,
9151117,1788995342719SU69-1,G1,Rewarble - Gift Card,Rewarble Gift Card USD 20 (Global),1,1004392953,25,"1,25","23,75",,2PGRGCJ67F,1,API,qtvlinhmp,2026-09-10 06:09:03,2026-09-10 09:22:46,Gift Card,Hoàn Tất,Tự động,7VRSNMB1EJVTDQ43,"""193178900695932853",,"20,76",GIFTCARD,2PGRGCJ67F,Tự động,,Hoàn Tất,,
9151049,1788993953904JUUB-1,G1,Apple - Gift Card,US App Store / iTunes Gift Card 30 USD,1,4775980,"33,35","1,66","31,69",,2PGAGC10LP,1,API,qtvlinhmp,2026-09-10 05:45:55,2026-09-10 09:29:33,Gift Card,Hoàn Tất,Tự động,XPFWJ6X37NKT3P4M,"""193178900736881124",,"27,64",GIFTCARD,2PGAGC10LP,Tự động,,Hoàn Tất,,
9150845,1788983848698SCFD-1,G1,Steam - Gift Card,Steam Wallet 15 USD Global,1,1003922300,30,"1,5","28,5",,2PGSWCJIH9,1,API,,2026-09-10 02:57:29,2026-09-10 10:39:41,Gift Card,Hoàn Tất,Tự động,RHQ79-QZ42N-Q3JC7,"""193178901156946761",,"15,79",GIFTCARD,2PGSWCJIH9,Tự động,,Hoàn Tất,,
9158499,1789008654363U0KK-1,G1,Netflix - Gift Card,Netflix - Gift Card 15 USD,1,1003766871,17,"0,85","16,15",,2PGNGCIBJ0,1,API,,2026-09-10 09:50:55,2026-09-10 11:13:29,Gift Card,Hoàn Tất,Tự động,NAA3NRF9YNW9PLJZ,"""203178901359929940",,"14,84",GIFTCARD,2PGNGCIBJ0,Tự động,,Hoàn Tất,,
9150756,1788980644387M63L-1,G1,Rewarble - Gift Card,Rewarble Super Gift Card UK - 75 GBP,1,1004392618,122,"6,09","115,91",,2PGRSG4VDY,1,API,,2026-09-10 02:04:05,2026-09-10 16:38:19,Gift Card,Hoàn Tất,Tự động,LQBBFR7Y92RIE4U7,"""211178903309096494",,"108,6",GIFTCARD,2PGRSG4VDY,Tự động,,Hoàn Tất,,
9159467,1789037241591Q0HB-1,G1,PSN - Gift card,India PSN gift card India 1000 INR,1,1001324597,"160,66","8,02","152,64",,2PGPNGLR96,1,API,,2026-09-10 17:47:22,2026-09-10 18:28:23,Gift Card,Hoàn Tất,Tự động,QXG9-2QFH-NQ34,"""211178903969896484",,"11,21",GIFTCARD,2PGPNGLR96,Tự động,,Hoàn Tất,,
9159659,1789043795245HYPW-1,G1,Flexepin - Gift Card,Flexepin 10 USD,1,1003001057,"11,85","0,59","11,26",,2PGFGC91RZ,1,API,anhnqv,2026-09-10 19:36:36,2026-09-10 20:27:54,Gift Card,Hoàn Tất,Tự động,7057459895012264,"""211178904686716615",,"10,65",GIFTCARD,2PGFGC91RZ,Tự động,,Hoàn Tất,,
9159764,1789047078814LD2N-1,G1,Rewarble - Gift Card,Rewarble Gift Cards USD 40 (Global),1,1004045377,52,"2,59","49,41",,2PGRGCNNB7,1,API,anhnqv,2026-09-10 20:31:20,2026-09-10 21:00:56,Gift Card,Hoàn Tất,Tự động,H26LL1IF2PD8R7V9,"""211178904885077556",,"42,97",GIFTCARD,2PGRGCNNB7,Tự động,,Hoàn Tất,,
9160361,1789063907114WRL9-1,G1,PayPal Top Up - Gift Card,Ppal Wallet Top Up USD 1 (Global),6,1003301976,"7,74","0,47","7,27",,2PGPTUBMM8,1,API,,2026-09-11 01:11:48,2026-09-11 09:55:43,Gift Card,Hoàn Tất,Tự động,https://activatemycodes.com/N0svbGQ4NFFxTkZxdXdRaHBsWkRURUxhT0tlSkthVUxPWU8wSGkwN1Z3MUhkQURWMzBXVnJrUFo3T0srN0N5WA==,"""193178909533156345",,"1,13",GIFTCARD,2PGPTUBMM8,Tự động,,Hoàn Tất,,
9160361,1789063907114WRL9-1,G1,PayPal Top Up - Gift Card,Ppal Wallet Top Up USD 1 (Global),6,1003301976,0,0,0,,2PGPTUBMM8,1,API,,2026-09-11 01:11:48,2026-09-11 09:55:43,Gift Card,Hoàn Tất,Tự động,https://activatemycodes.com/VmJXN2krbkpoL0ozS1JybmZMWGZ1WjZ0VTBJNzVqK3hYbjBKZUdIaFdueEhkQURWMzBXVnJrUFo3T0srN0N5WA==,"""193178909533134836",,"1,13",GIFTCARD,2PGPTUBMM8,Tự động,,Đã up code,,
9160361,1789063907114WRL9-1,G1,PayPal Top Up - Gift Card,Ppal Wallet Top Up USD 1 (Global),6,1003301976,0,0,0,,2PGPTUBMM8,1,API,,2026-09-11 01:11:48,2026-09-11 09:55:43,Gift Card,Hoàn Tất,Tự động,https://activatemycodes.com/Yys2aTNvN20rQW9tc1M0WEE5cktseGpLTVJhN3FBM2dKRHByTWJBdCtVTkhkQURWMzBXVnJrUFo3T0srN0N5WA==,"""193178909533192832",,"1,13",GIFTCARD,2PGPTUBMM8,Tự động,,Đã up code,,
9160361,1789063907114WRL9-1,G1,PayPal Top Up - Gift Card,Ppal Wallet Top Up USD 1 (Global),6,1003301976,0,0,0,,2PGPTUBMM8,1,API,,2026-09-11 01:11:48,2026-09-11 09:55:43,Gift Card,Hoàn Tất,Tự động,https://activatemycodes.com/VWRHVUt2OHMwVlZMMExKK0JMbm9za1Q3NDdHcFRJSmlmNjZzWW9JOW9wRkhkQURWMzBXVnJrUFo3T0srN0N5WA==,"""193178909533166720",,"1,13",GIFTCARD,2PGPTUBMM8,Tự động,,Đã up code,,
9160361,1789063907114WRL9-1,G1,PayPal Top Up - Gift Card,Ppal Wallet Top Up USD 1 (Global),6,1003301976,0,0,0,,2PGPTUBMM8,1,API,,2026-09-11 01:11:48,2026-09-11 09:55:43,Gift Card,Hoàn Tất,Tự động,https://activatemycodes.com/cTlKM01aWkY4bmNMWXR0dWRNeFpGeE9XdVZ6bHo3cnNwNXlja2VrZmhtUkhkQURWMzBXVnJrUFo3T0srN0N5WA==,"""193178909533112922",,"1,13",GIFTCARD,2PGPTUBMM8,Tự động,,Đã up code,,
9160361,1789063907114WRL9-1,G1,PayPal Top Up - Gift Card,Ppal Wallet Top Up USD 1 (Global),6,1003301976,0,0,0,,2PGPTUBMM8,1,API,,2026-09-11 01:11:48,2026-09-11 09:55:43,Gift Card,Hoàn Tất,Tự động,https://activatemycodes.com/WFV4QzlSRzJ4TWVGQ2NyR01lN09vTEYzNXZTbFhuQURmZTRCMW1xYk9XRkhkQURWMzBXVnJrUFo3T0srN0N5WA==,"""193178909533123044",,"1,13",GIFTCARD,2PGPTUBMM8,Tự động,,Đã up code,,
9160847,1789085581819G1EC-1,G1,Amazon - Gift Card,Amazon Gift Card USD 10 (US),1,1004155156,"11,5","0,68","10,82",,2PGAGCU5SG,1,API,,2026-09-11 07:13:02,2026-09-11 09:59:47,Gift Card,Hoàn Tất,Tự động,Q4Z7-ZF7JJ5-TVAG,"""193178909558254546",,"9,62",GIFTCARD,2PGAGCU5SG,Tự động,,Hoàn Tất,,
9160823,1789082851737B23F-1,G1,Bit Cash,"BitCash Gift Card JPY 5,000 (JP)",1,1003940784,"46,6","2,33","44,27",,2PGBGC17XT,1,API,qtvlinhmp,2026-09-11 06:27:32,2026-09-11 10:08:53,Gift Card,Hoàn Tất,Tự động,ぬくきせこるまそつころとすきけも,"""193178909612597828",,"33,65",GIFTCARD,2PGBGC17XT,Tự động,,Hoàn Tất,,
9160733,1789078953104VXK6-1,G1,Flexepin - Gift Card,Flexepin 10 USD,1,1003001057,"11,85","0,59","11,26",,2PGFGC91RZ,1,API,qtvlinhmp,2026-09-11 05:22:33,2026-09-11 11:27:50,Gift Card,Hoàn Tất,Tự động,9522296143998900,"""193178910086259387",,"10,17",GIFTCARD,2PGFGC91RZ,Tự động,,Hoàn Tất,,
9178016,1789104854353QYGP-1,G1,Zing Code Gift Card,"Zing Code Gift Card 50,000 VND",1,1004401437,"2,29","0,11","2,18",,2PGZCGHMCH,1,API,qtvanhltv,2026-09-11 12:34:15,2026-09-11 14:14:41,Gift Card,Hoàn Tất,Tự động,2PJA72276,"""203178910717999357",,"1,91",GIFTCARD,2PGZCGHMCH,Tự động,,Hoàn Tất,,
9178016,1789104854353QYGP-1,G1,Zing Code Gift Card,"Zing Code Gift Card 50,000 VND",1,1004401437,0,0,0,,2PGZCGHMCH,1,API,qtvanhltv,2026-09-11 12:34:15,2026-09-11 14:14:41,Gift Card,Hoàn Tất,Tự động,coe:2PJA72276-sr3D0131195328,"""185178911087640208",,"1,91",GIFTCARD,2PGZCGHMCH,Tự động,,Đã up code,,
9178213,1789114631286JVNJ-1,G1,Steam - Gift Card,Steam Wallet Code USD 50 (Global),1,1004401722,58,"2,89","55,11",,2PGSWCU54S,1,API,qtvtrangdt1,2026-09-11 15:17:12,2026-09-11 16:00:53,Gift Card,Hoàn Tất,Tự động,I3HCY-R27ZZ-8XV05—EVR4A-7X0EV-FKQ3G,"""203178911720352363",,"54,5",GIFTCARD,2PGSWCU54S,Tự động,,Hoàn Tất,,
9179429,1789158451243S4O6-1,G1,Valorant,EU 3650 Valorant Points EU - 35 EUR,1,1000509790,"43,95","2,63","41,32",,2GGVGC7976,1,API,qtvtrangdt1,2026-09-12 03:27:32,2026-09-12 08:21:39,Gift Card,Hoàn Tất,Tự động,RA-XXLYUXYP9ZWBLQH7,"""193178280666940029",,"32,6",GIFTCARD,2GGVGC7976,Tự động,,Hoàn Tất,,
9179010,1789145744064HPRW-1,G1,Zing Code Gift Card,"Zing Code Gift Card 20,000 VND",1,1003943206,1,"0,05","0,95",,2PGZCG0FIO,1,API,,2026-09-11 23:55:45,2026-09-12 08:24:41,Gift Card,Hoàn Tất,Tự động,NB82Z9X96,"""203178917627684959",,"0,77",GIFTCARD,2PGZCG0FIO,Tự động,,Hoàn Tất,,
9179988,1789179941457MKXE-1,G1,LOL - League of Legends,Riot Points GC 10 Euro,1,5472036,"13,6","0,68","12,92",,2GGRPGGMK6,1,API,,2026-09-12 09:25:42,2026-09-12 09:33:28,Gift Card,Hoàn Tất,Tự động,RA-WSWWHK4HY4BXHHME,"""203178918040167245",,"11,49",GIFTCARD,2GGRPGGMK6,Tự động,,Hoàn Tất,,
9180013,1789181683371AD45-1,G1,Valorant,NA 2050 Valorant Points NA -20 USD Card,1,1002614734,21,"1,26","19,74",,2GGVGCJ4DA,1,API,,2026-09-12 09:54:44,2026-09-12 10:04:55,Gift Card,Hoàn Tất,Tự động,RA-DJAHD3ZH79G9M22V,"""203178918228997267",,"18,81",GIFTCARD,2GGVGCJ4DA,Tự động,,Hoàn Tất,,
9179446,1789159731581ME1Y-1,G1,Steam - Gift Card,Steam Wallet Code USD 50 (Global),1,1001544803,58,"2,89","55,11",,2PGSWCU54S,1,API,,2026-09-12 03:48:52,2026-09-12 10:23:52,Gift Card,Hoàn Tất,Tự động,CodeEYWNG-W90N8-TW2TF,"""203178918342160613",,"50,12",GIFTCARD,2PGSWCU54S,Tự động,,Hoàn Tất,,
9187632,1789203656723HMTK-1,G1,Google Play - Gift Card,Google Play 50000 IDR | Indonesia,2,1003715079,"6,38","0,32","6,06",,2PGGPGI1O0,1,API,,2026-09-12 16:00:57,2026-09-12 17:24:49,Gift Card,Hoàn Tất,Tự động,BKW5UBE00BU1ERH2,"""193178920868271193",,"2,79",GIFTCARD,2PGGPGI1O0,Tự động,,Hoàn Tất,,
9187632,1789203656723HMTK-1,G1,Google Play - Gift Card,Google Play 50000 IDR | Indonesia,2,1003715079,0,0,0,,2PGGPGI1O0,1,API,,2026-09-12 16:00:57,2026-09-12 17:24:49,Gift Card,Hoàn Tất,Tự động,707NEU6SFB1LCFZ2,"""193178920868264118",,"2,79",GIFTCARD,2PGGPGI1O0,Tự động,,Đã up code,,
9188323,1789223563872IQSI-1,G1,Rewarble - Gift Card,Rewarble Super 10 GBP,1,1004103094,"16,8","1,03","15,77",,2PGRSGJP8O,1,API,,2026-09-12 21:32:44,2026-09-12 21:57:02,Gift Card,Hoàn Tất,Tự động,NMM2JMEY23FSH9DK,"""211178922501694444",,"14,05",GIFTCARD,2PGRSGJP8O,Tự động,,Hoàn Tất,,
9188336,1789224370514Q3EG-1,G1,Rewarble - Gift Card,Rewarble Super 10 GBP,1,1004103094,"16,8","1,03","15,77",,2PGRSGJP8O,1,API,,2026-09-12 21:46:11,2026-09-12 21:57:37,Gift Card,Hoàn Tất,Tự động,THFZV4BVGNB9PY59,"""211178922504964392",,"14,05",GIFTCARD,2PGRSGJP8O,Tự động,,Hoàn Tất,,
9188525,1789228658497MOID-1,G1,PayPal Top Up - Gift Card,Ppal Wallet Top Up USD 1 (Global),3,1003045433,"3,87","0,23","3,64",,2PGPTUBMM8,1,API,anhnqv,2026-09-12 22:57:44,2026-09-12 23:14:31,Gift Card,Hoàn Tất,Tự động,https://activatemycodes.com/VEk0cTUyMnN2UmhLZlNFVTFLM0N3K0tZaEdBb1RGcGtnVHQveTNQUjZXZEhkQURWMzBXVnJrUFo3T0srN0N5WA==,"""211178922966085501",,"1,13",GIFTCARD,2PGPTUBMM8,Tự động,,Hoàn Tất,,
9188525,1789228658497MOID-1,G1,PayPal Top Up - Gift Card,Ppal Wallet Top Up USD 1 (Global),3,1003045433,0,0,0,,2PGPTUBMM8,1,API,anhnqv,2026-09-12 22:57:44,2026-09-12 23:14:31,Gift Card,Hoàn Tất,Tự động,https://activatemycodes.com/cjhsNFJnQWZUaURLc25ZcTk0THE2KzAwRFYxWkVuTjJwa2hCQkpRcUZTNUhkQURWMzBXVnJrUFo3T0srN0N5WA==,"""211178922966038373",,"1,13",GIFTCARD,2PGPTUBMM8,Tự động,,Đã up code,,
9188525,1789228658497MOID-1,G1,PayPal Top Up - Gift Card,Ppal Wallet Top Up USD 1 (Global),3,1003045433,0,0,0,,2PGPTUBMM8,1,API,anhnqv,2026-09-12 22:57:44,2026-09-12 23:14:31,Gift Card,Hoàn Tất,Tự động,https://activatemycodes.com/d25BaEhXUEhxZG1LRzFqWHBqNkNxTmpHOHZsbTNOdVhtTDM2SjUvME40dEhkQURWMzBXVnJrUFo3T0srN0N5WA==,"""211178922966094620",,"1,13",GIFTCARD,2PGPTUBMM8,Tự động,,Đã up code,,
9188342,1789224548689S5FD-1,G1,Rewarble - Gift Card,Rewarble Super 10 GBP,1,1004103094,"16,8","0,84","15,96",,2PGRSGJP8O,1,API,anhnqv,2026-09-12 21:49:09,2026-09-12 23:17:50,Gift Card,Hoàn Tất,Tự động,7INMTCWFMXXRQZGH,"""211178922986236492",,"14,05",GIFTCARD,2PGRSGJP8O,Tự động,,Hoàn Tất,,
9188471,1789226843922IQB3-1,G1,Rewarble - Gift Card,Rewarble Super 10 GBP,1,1004103094,"16,8","0,84","15,96",,2PGRSGJP8O,1,API,,2026-09-12 22:27:25,2026-09-12 23:18:36,Gift Card,Hoàn Tất,Tự động,3KPG18UM6FE2SRZR,"""211178922990918881",,"14,05",GIFTCARD,2PGRSGJP8O,Tự động,,Hoàn Tất,,
9188582,1789229893339EIZ9-1,G1,Rewarble - Gift Card,Rewarble Super 10 GBP,1,1004103094,"16,8","1,03","15,77",,2PGRSGJP8O,1,API,,2026-09-12 23:18:14,2026-09-12 23:53:40,Gift Card,Hoàn Tất,Tự động,MDGXWICPWAKTYIWD,"""211178923200948501",,"14,05",GIFTCARD,2PGRSGJP8O,Tự động,,Hoàn Tất,,
9189279,1789252313066TIJ4-1,G1,LOL - League of Legends,Riot Points GC 50 Euro,1,1000010783,"68,4","4,09","64,31",,2GGRPGNVA4,1,API,,2026-09-13 05:31:54,2026-09-13 08:15:55,Gift Card,Hoàn Tất,Tự động,RA-YYKPH5TJUEAU5TFJ,"""203178926214625273",,"56,54",GIFTCARD,2GGRPGNVA4,Tự động,,Hoàn Tất,,
9188874,1789237342748RFF7-1,G1,Rewarble - Gift Card,Rewarble Super 40 GBP,1,1004407482,68,"4,07","63,93",,2PGRSGVWP6,1,API,qtvtrangdt1,2026-09-13 01:22:23,2026-09-13 08:27:15,Gift Card,Hoàn Tất,Tự động,U7MDIWJJWM7F4ZL4,"""203178926282445655",,"58,09",GIFTCARD,2PGRSGVWP6,Tự động,,Hoàn Tất,,
9188706,1789234993286TWJR-1,G1,Rewarble - Gift Card,Rewarble Super 10 GBP,1,1004103094,"16,8","1,03","15,77",,2PGRSGJP8O,1,API,,2026-09-13 00:43:14,2026-09-13 08:30:35,Gift Card,Hoàn Tất,Tự động,PIHZQSB832RBHSIV,"""203178926303166436",,"14,04",GIFTCARD,2PGRSGJP8O,Tự động,,Hoàn Tất,,
9188903,1789238345653K0F7-1,G1,Rewarble - Gift Card,Rewarble Super 10 GBP,1,1004103094,"16,8","1,03","15,77",,2PGRSGJP8O,1,API,qtvtrangdt1,2026-09-13 01:39:06,2026-09-13 08:31:33,Gift Card,Hoàn Tất,Tự động,VDA8L8MI9MPZYTDN,"""203178926308910546",,"14,04",GIFTCARD,2PGRSGJP8O,Tự động,,Hoàn Tất,,
9188938,1789241915319MB5K-1,G1,LOL - League of Legends,Riot Points GC 10 Euro,1,6052445,"13,6","0,82","12,78",,2GGRPGGMK6,1,API,,2026-09-13 02:38:36,2026-09-13 08:58:44,Gift Card,Hoàn Tất,Tự động,RA-VBQC92453P2RFMJK,"""203178926471687821",,"11,49",GIFTCARD,2GGRPGGMK6,Tự động,,Hoàn Tất,,
9189538,1789262602887UOFP-1,G1,Rewarble - Gift Card,Rewarble Gift Cards EUR 10 (Global),1,1004408783,"14,3","0,71","13,59",,2PGRGCONWV,1,API,,2026-09-13 08:23:23,2026-09-13 09:00:06,Gift Card,Hoàn Tất,Tự động,5NDGAXHZHMATI23P,"""193178926479794141",,"12,04",GIFTCARD,2PGRGCONWV,Tự động,,Hoàn Tất,,
9188584,1789230000207B32C-1,G1,Rewarble - Gift Card,Rewarble Super 10 GBP,1,1004103094,"16,8","0,84","15,96",,2PGRSGJP8O,1,API,,2026-09-12 23:20:01,2026-09-13 09:11:06,Gift Card,Hoàn Tất,Tự động,PHUP2Y7H3PITJ583,"""203178926546158493",,"14,04",GIFTCARD,2PGRSGJP8O,Tự động,,Hoàn Tất,,
9189628,1789265332833WI1D-1,G1,Rewarble - Gift Card,Rewarble Super Gift Card UK - 75 GBP,1,1004407482,122,"7,31","114,69",,2PGRSG4VDY,1,API,qtvtrangdt1,2026-09-13 09:08:53,2026-09-13 09:16:40,Gift Card,Hoàn Tất,Tự động,D7II4KFYKF9E3CKD,"""203178926579394945",,"108,38",GIFTCARD,2PGRSG4VDY,Tự động,,Hoàn Tất,,
9189226,1789249703268F6UE-1,G1,Rewarble - Gift Card,Rewarble Gift Cards USD 25 (Global),1,1000101170,"29,99","1,5","28,49",,2PGRGCUEIS,1,API,,2026-09-13 04:48:25,2026-09-13 10:31:39,Gift Card,Hoàn Tất,Tự động,4BL825WQYXMGTMCJ,"""203178927029076247",,"25,95",GIFTCARD,2PGRGCUEIS,Tự động,,Hoàn Tất,,
9189736,1789271320225CZKH-1,G1,Valorant - Gift Card,NA 1000 Valorant Points NA - 10 USD Card,1,4854931,"10,48","0,52","9,96",,2GGVGCRVTQ,1,API,,2026-09-13 10:48:46,2026-09-13 11:33:08,Gift Card,Hoàn Tất,Tự động,RA-YACHAKPG2KCUWPFU,"""203178927397955401",,"9,4",GIFTCARD,2GGVGCRVTQ,Tự động,,Hoàn Tất,,
9189774,1789274239697VJ46-1,G1,Touch ‘n Go Gift Card,Touch 'n Go eWallet Reload PIN worth MYR 10 (MY),1,1004409193,"2,95","0,15","2,8",,2PGTGRYOXL,1,API,,2026-09-13 11:37:20,2026-09-13 11:42:40,Gift Card,Hoàn Tất,Tự động,3035922537,"""203178927455619562",,"2,55",GIFTCARD,2PGTGRYOXL,Tự động,,Hoàn Tất,,
9189777,1789274372571P17W-1,G1,Rewarble - Gift Card,Rewarble Super Gift Card UK 100 GBP,1,1004407482,165,"9,88","155,12",,2PGRSGHG25,1,API,,2026-09-13 11:39:33,2026-09-13 12:04:07,Gift Card,Hoàn Tất,Tự động,RVN35HPEPIIEFT2R,"""203178927583899288",,"140,41",GIFTCARD,2PGRSGHG25,Tự động,,Hoàn Tất,,
9197070,1789277696233IR1T-1,G1,Rewarble - Gift Card,Rewarble Super Gift Card UK - 200 GBP,1,1004407482,325,"19,46","305,54",,2PGRSGO0ZC,1,API,,2026-09-13 12:34:57,2026-09-13 12:55:02,Gift Card,Hoàn Tất,Tự động,DRRGYLN8YVYD1Z7S,"""211178927889614229",,"289,01",GIFTCARD,2PGRSGO0ZC,Tự động,,Hoàn Tất,,
9197176,1789281211287ZACP-1,G1,Rewarble - Gift Card,Rewarble Super Gift Card UK - 150 GBP,1,1004407482,245,"14,68","230,32",,2PGRSG74V1,1,API,,2026-09-13 13:33:32,2026-09-13 14:54:33,Gift Card,Hoàn Tất,Tự động,UWLTXV5JCK3Y33GN,"""211178928606675712",,"216,76",GIFTCARD,2PGRSG74V1,Tự động,,Hoàn Tất,,
9197417,1789291052932Z099-1,G1,PayPal Top Up - Gift Card,Ppal Wallet Top Up USD 1 (Global),1,1004402037,"1,29","0,06","1,23",,2PGPTUBMM8,1,API,qtvlinhmp,2026-09-13 16:17:33,2026-09-13 16:34:19,Gift Card,Hoàn Tất,Tự động,https://activatemycodes.com/d1VCOE15N1IwdGxhTWNsSUN6SWJIeUh4SzdMT3o1a1RmS2MvcmRobzByMUhkQURWMzBXVnJrUFo3T0srN0N5WA==,"""193178929205380669",,"1,13",GIFTCARD,2PGPTUBMM8,Tự động,,Hoàn Tất,,
9197541,1789293820778GVSG-1,G1,Steam - Gift Card,Steam Wallet Code USD 50 (Global),1,1001006080,58,"3,5","54,5",,2PGSWCU54S,1,API,,2026-09-13 17:03:41,2026-09-13 17:19:30,Gift Card,Hoàn Tất,Tự động,CodeGKNII-4XDR9-0PT0M,"""193178929476144275",,"50,12",GIFTCARD,2PGSWCU54S,Tự động,,Hoàn Tất,,
9197775,1789303286814N1BK-1,G1,Rewarble - Gift Card,Rewarble Super 25 GBP,1,1002338171,"40,3","2,41","37,89",,2PGRSG8Y4D,1,API,qtvlinhmp,2026-09-13 19:41:31,2026-09-13 20:01:35,Gift Card,Hoàn Tất,Tự động,D1455UX1ELBY218X,"""193178930449026539",,"35,1",GIFTCARD,2PGRSG8Y4D,Tự động,,Hoàn Tất,,
9179033,1789146303781TO54-1,G1,Valorant,EU 2575 Valorant Points EU - 25 EUR,1,1003517379,"33,1","1,98","31,12",,2GGVGCNWWM,1,API,,2026-09-12 00:05:05,2026-09-13 20:49:49,Gift Card,Hoàn Tất,Tự động,RA-ZRGWRVS2H5VRTJZ6,"""211178930738241743",,"25,35",GIFTCARD,2GGVGCNWWM,Tự động,,Hoàn Tất,,
9197887,1789304855901QWSX-1,G1,Rewarble - Gift Card,Rewarble Super Gift Card UK - 200 GBP,1,1004407482,330,"19,76","310,24",,2PGRSGO0ZC,1,API,anhnqv,2026-09-13 20:07:36,2026-09-13 22:29:04,Gift Card,Hoàn Tất,Tự động,R97CZI89TYMC7P5U,"""211178931333463566",,"289,01",GIFTCARD,2PGRSGO0ZC,Tự động,,Hoàn Tất,,
9179602,1789164036545MQ7W-1,G1,Zing Code Gift Card,"Zing Code Gift Card 200,000 VND",2,1004189110,"17,3","0,86","16,44",,2PGZCGLQMB,1,API,,2026-09-12 05:00:37,2026-09-13 22:50:35,Gift Card,Hoàn Tất,Tự động,ATT39P7BY,"""211178931462329883",,"7,65",GIFTCARD,2PGZCGLQMB,Tự động,,Hoàn Tất,,
9179602,1789164036545MQ7W-1,G1,Zing Code Gift Card,"Zing Code Gift Card 200,000 VND",2,1004189110,0,0,0,,2PGZCGLQMB,1,API,,2026-09-12 05:00:37,2026-09-13 22:50:35,Gift Card,Hoàn Tất,Tự động,H3T48PP7L,"""211178931462363911",,"7,65",GIFTCARD,2PGZCGLQMB,Tự động,,Đã up code,,
9198271,1789315824394M7AQ-1,G1,Rewarble - Gift Card,Rewarble Super Gift Card UK - 200 GBP,1,1004407482,330,"19,76","310,24",,2PGRSGO0ZC,1,API,anhnqv,2026-09-13 23:10:25,2026-09-14 00:00:21,Gift Card,Hoàn Tất,Tự động,BLDDCVCB34IL8HUF,"""211178931881438537",,"289,01",GIFTCARD,2PGRSGO0ZC,Tự động,,Hoàn Tất,,
9198443,1789321529608NVKK-1,G1,Rewarble - Gift Card,Rewarble Super Gift Card UK - 500 GBP,1,1004407482,825,"49,4","775,6",,2PGRSGIK84,1,API,,2026-09-14 00:45:30,2026-09-14 10:23:53,Gift Card,Hoàn Tất,Tự động,GE8KV5KGHFSGWX7B,"""588610",,"722,42",GIFTCARD,2PGRSGIK84,Tự động,,Hoàn Tất,,
9199193,1789349755820L6UF-1,G1,Mastercard,Mastercard Gift Card USA - 10 USD,1,1002707064,"12,5","0,62","11,88",,2PGMGCS3M6,1,API,qtvlinhmp,2026-09-14 08:35:56,2026-09-14 10:32:48,Gift Card,Hoàn Tất,Tự động,https://redeem.yourdigitalreward.com/activate-code/8d3805d838abbdfb6da5d9e679dc44655bdbb85c,"""588616",,"10,41",GIFTCARD,2PGMGCS3M6,Tự động,,Hoàn Tất,,
9198211,1789314338573A4QE-1,G1,LOL - League of Legends,Riot Points GC 10 Euro,1,1003871660,"13,6","0,82","12,78",,2GGRPGGMK6,1,API,,2026-09-13 22:45:45,2026-09-14 10:37:08,Gift Card,Hoàn Tất,Tự động,RA-ADTNJD3YBDQ9QNTU,"""588620",,"11,48",GIFTCARD,2GGRPGGMK6,Tự động,,Hoàn Tất,,
9216593,1789368336063SB14-1,G1,Bit Cash,"BitCash Gift Card JPY 2,000 (JP)",1,8560056,18,"1,07","16,93",,2PGBGCB52W,1,API,qtvanhltv,2026-09-14 13:45:37,2026-09-14 15:08:19,Gift Card,Hoàn Tất,Tự động,なぬのきにきにえとてなちつろえち,"""588715",,"13,5",GIFTCARD,2PGBGCB52W,Tự động,,Hoàn Tất,,
9221579,1789372632386W4TK-1,G1,FC 26,"EA Sports FC 26 12,000 FC Points - Key",1,1001959240,"94,9","5,78","89,12",,2PGPEABY60,1,API,,2026-09-14 14:57:13,2026-09-14 15:25:58,Gift Card,Hoàn Tất,Tự động,A422JEV8ZGHUG7SGAG78,"""588729",,"84,07",GIFTCARD,2PGPEABY60,Tự động,,Hoàn Tất,,
9222255,1789380649954SAOH-1,G1,PayPal Top Up - Gift Card,Ppal Wallet Top Up USD 1 (Global),4,1003611675,"5,16","0,26","4,9",,2PGPTUBMM8,1,API,,2026-09-14 17:10:51,2026-09-14 17:24:18,Gift Card,Hoàn Tất,Tự động,https://activatemycodes.com/K0NSL3pCMXBvaGpDREJKTnc1cnN2MUZBVEs3MzZHek1TbDZQMzZadjg3aEhkQURWMzBXVnJrUFo3T0srN0N5WA==,"""588760",,"1,11",GIFTCARD,2PGPTUBMM8,Tự động,,Hoàn Tất,,
9222255,1789380649954SAOH-1,G1,PayPal Top Up - Gift Card,Ppal Wallet Top Up USD 1 (Global),4,1003611675,0,0,0,,2PGPTUBMM8,1,API,,2026-09-14 17:10:51,2026-09-14 17:24:18,Gift Card,Hoàn Tất,Tự động,https://activatemycodes.com/bXY4UDVJcmxLdENhOGtwaFRTMWFpQW96eUNDM285bURzQlRSSDRPY3lMOUhkQURWMzBXVnJrUFo3T0srN0N5WA==,"""588761",,"1,11",GIFTCARD,2PGPTUBMM8,Tự động,,Hoàn Tất,,
9222255,1789380649954SAOH-1,G1,PayPal Top Up - Gift Card,Ppal Wallet Top Up USD 1 (Global),4,1003611675,0,0,0,,2PGPTUBMM8,1,API,,2026-09-14 17:10:51,2026-09-14 17:24:18,Gift Card,Hoàn Tất,Tự động,https://activatemycodes.com/ZnZxRWhVeXpnZUgrYUVWNEJGQVJuQzZlY1dmeEhNSThOd1pSQXhzaVJQTkhkQURWMzBXVnJrUFo3T0srN0N5WA==,"""588762",,"1,11",GIFTCARD,2PGPTUBMM8,Tự động,,Hoàn Tất,,
9222255,1789380649954SAOH-1,G1,PayPal Top Up - Gift Card,Ppal Wallet Top Up USD 1 (Global),4,1003611675,0,0,0,,2PGPTUBMM8,1,API,,2026-09-14 17:10:51,2026-09-14 17:24:18,Gift Card,Hoàn Tất,Tự động,https://activatemycodes.com/dzcxamJ6Q2trTzROcmhPbUU0MDVVS2ZYMHJZdWdxZmZOc2l6K0tEZTdrZEhkQURWMzBXVnJrUFo3T0srN0N5WA==,"""588763",,"1,11",GIFTCARD,2PGPTUBMM8,Tự động,,Hoàn Tất,,
9222283,1789382874764W81K-1,G1,Rewarble - Gift Card,Rewarble Super Gift Card UK - 200 GBP,1,1003417643,"329,5","19,73","309,77",,2PGRSGO0ZC,1,API,anhnqv,2026-09-14 17:47:55,2026-09-14 18:29:57,Gift Card,Hoàn Tất,Tự động,H3XDVYXISG2PM4ZM,"""588773",,"288,38",GIFTCARD,2PGRSGO0ZC,Tự động,,Hoàn Tất,,
9222598,1789391596379K7FG-1,G1,Zing Code Gift Card,"Zing Code Gift Card 50,000 VND",1,1002242632,"2,29","0,11","2,18",,2PGZCGHMCH,1,API,,2026-09-14 20:13:18,2026-09-14 21:38:14,Gift Card,Hoàn Tất,Tự động,27K7AZK93,"""588803",,"1,91",GIFTCARD,2PGZCGHMCH,Tự động,,Hoàn Tất,,
9222484,1789388109897QSE3-1,G1,Zing Code Gift Card,"Zing Code Gift Card 50,000 VND",1,1004401437,"2,29","0,11","2,18",,2PGZCGHMCH,1,API,anhnqv,2026-09-14 19:15:11,2026-09-14 22:14:06,Gift Card,Hoàn Tất,Tự động,P3BKTMNPA,"""588806",,"1,91",GIFTCARD,2PGZCGHMCH,Tự động,,Hoàn Tất,,
9221527,1789369358702TRQ4-1,G1,Rewarble - Gift Card,Rewarble Super Gift Card UK - 200 GBP,1,1004407482,330,"19,76","310,24",,2PGRSGO0ZC,1,API,,2026-09-14 14:02:39,2026-09-15 09:03:15,Gift Card,Hoàn Tất,Tự động,ANBC3GKNNDR6YI5W,"""588839",,"288,31",GIFTCARD,2PGRSGO0ZC,Tự động,,Hoàn Tất,,
9223503,1789424173190BPO4-1,G1,Rewarble - Gift Card,Rewarble Gift Cards USD 10 (Global),1,1000549243,"11,82","0,73","11,09",,2PGRGCQU4H,1,API,qtvlinhmp,2026-09-15 05:16:14,2026-09-15 09:33:35,Gift Card,Hoàn Tất,Tự động,SSKTMKG478LTABLG,"""588848",,"10,38",GIFTCARD,2PGRGCQU4H,Tự động,,Hoàn Tất,,
9231134,1789440071771F3PX-1,G1,Rewarble - Gift Card,Rewarble Super Gift Card UK - 200 GBP,1,1004407482,330,"19,76","310,24",,2PGRSGO0ZC,1,API,,2026-09-15 09:41:12,2026-09-15 10:45:27,Gift Card,Hoàn Tất,Tự động,LR22AABQSH1635FE,"""588868",,"288,33",GIFTCARD,2PGRSGO0ZC,Tự động,,Hoàn Tất,,
9235910,1789447849832WGSE-1,G1,Rewarble - Gift Card,Rewarble Super Gift Card UK - 200 GBP,1,1004407482,"332,5","19,91","312,59",,2PGRSGO0ZC,1,API,qtvlinhmp,2026-09-15 11:50:50,2026-09-15 12:10:20,Gift Card,Hoàn Tất,Tự động,NEA8CP7TU2FNYAEM,"""588884",,"288,26",GIFTCARD,2PGRSGO0ZC,Tự động,,Hoàn Tất,,
9243147,1789454002733HR4R-1,G1,Rewarble - Gift Card,Rewarble Super Gift Card UK - 200 GBP,1,1004407482,"332,5","19,91","312,59",,2PGRSGO0ZC,1,API,,2026-09-15 13:33:23,2026-09-15 14:12:19,Gift Card,Hoàn Tất,Tự động,SMI24NF598SS8L6H,"""588899",,"287,88",GIFTCARD,2PGRSGO0ZC,Tự động,,Hoàn Tất,,
9231248,1789445934633D273-1,G1,Xbox - Gift Card,XBOX GIFT CARD 10 BRL,1,1003765114,"1,82","0,09","1,73",,2PGXGCEG69,1,API,qtvlinhmp,2026-09-15 11:18:55,2026-09-15 14:18:09,Gift Card,Hoàn Tất,Tự động,XCWX9-YC93K-PGC7D-63M3X-DK2FZ,"""588917",,"1,73",GIFTCARD,2PGXGCEG69,Tự động,,Hoàn Tất,,
9231245,1789445681217CA7P-1,G1,Xbox - Gift Card,XBOX GIFT CARD 40 BRL,1,1003765114,"7,56","0,38","7,18",,2PGXGCIYZT,1,API,,2026-09-15 11:14:42,2026-09-15 14:21:30,Gift Card,Hoàn Tất,Tự động,3JDWX-V2GJK-2J66X-XRMJK-PYVFZ,"""588920",,"6,94",GIFTCARD,2PGXGCIYZT,Tự động,,Hoàn Tất,,
9222770,1789397327115C7V6-1,G1,Cherry Credits - GC,"Cherry Credits 5,000 CC",2,1001163245,"8,7","0,43","8,27",,2PGCCG0Q72,1,API,qtvlinhmp,2026-09-14 21:48:48,2026-09-15 14:49:37,Gift Card,Hoàn Tất,Tự động,S6H73JM6MUMU,"""588923",,"3,83",GIFTCARD,2PGCCG0Q72,Tự động,,Hoàn Tất,,
9222770,1789397327115C7V6-1,G1,Cherry Credits - GC,"Cherry Credits 5,000 CC",2,1001163245,0,0,0,,2PGCCG0Q72,1,API,qtvlinhmp,2026-09-14 21:48:48,2026-09-15 14:49:37,Gift Card,Hoàn Tất,Tự động,UEL3NFLJ5XMU,"""588924",,"3,83",GIFTCARD,2PGCCG0Q72,Tự động,,Hoàn Tất,,
9250893,1789459499606C7XS-1,G1,Rewarble - Gift Card,Rewarble Super Gift Card UK - 200 GBP,1,1004407482,"332,5","19,91","312,59",,2PGRSGO0ZC,1,API,qtvlinhmp,2026-09-15 15:05:00,2026-09-15 15:30:41,Gift Card,Hoàn Tất,Tự động,826J87YNTQ8JG4KG,"""588926",,"288,15",GIFTCARD,2PGRSGO0ZC,Tự động,,Hoàn Tất,,
9253798,1789470654793MRTX-1,G1,PayPal Top Up - Gift Card,Ppal Wallet Top Up USD 10 (Global),1,1004417848,"12,55","0,77","11,78",,2PGPTU9EWB,1,API,,2026-09-15 18:10:56,2026-09-15 18:56:15,Gift Card,Hoàn Tất,Tự động,https://activatemycodes.com/QlhQb1F4RWpicTlFRVJpdDZneml5R21hNGNERWRtbElpUGxEeStqQnJPeHVXMDVOYVZnVVV5YkoyZml3V1d2Vw==,"""588961",,"11,06",GIFTCARD,2PGPTU9EWB,Tự động,,Hoàn Tất,,
9254152,1789481211474XQPX-1,G1,Amazon - Gift Card,Amazon Gift Card USD 30 (US),1,1004418321,"33,8","1,69","32,11",,2PGAGCQZV6,1,API,anhnqv,2026-09-15 21:06:53,2026-09-15 21:29:01,Gift Card,Hoàn Tất,Tự động,W5TS-PGNL3W-DTAK,"""589007",,"28,86",GIFTCARD,2PGAGCQZV6,Tự động,,Hoàn Tất,,
9254030,1789478937085LO5Q-1,G1,Xbox - Gift Card,Xbox Game Pass Core 6 Month (India),1,1004160280,"17,91","0,89","17,02",,2PGXGCDDDZ,1,API,anhnqv,2026-09-15 20:29:00,2026-09-15 22:49:08,Gift Card,Hoàn Tất,Tự động,T496X-F36XT-JX9WM-FJFV7-PRJ9Z,"""584838",,"16,71",GIFTCARD,2PGXGCDDDZ,Tự động,,Hoàn Tất,,
9255193,1789521214460FI3W-1,G1,Steam - Gift Card,Steam Wallet Code USD 50 (Global),1,1001142434,58,"2,89","55,11",,2PGSWCU54S,1,API,qtvtrangdt1,2026-09-16 08:13:35,2026-09-16 09:06:03,Gift Card,Hoàn Tất,Tự động,X7LMF-XZG6G-7Z22W,"""589054",,"51,5",GIFTCARD,2PGSWCU54S,Tự động,,Hoàn Tất,,
9255198,1789521666350QVVS-1,G1,Steam - Gift Card,Steam Wallet Code 25 USD (Global),1,1001142434,30,"1,5","28,5",,2PGSWCP0V1,1,API,qtvtrangdt1,2026-09-16 08:21:07,2026-09-16 09:19:11,Gift Card,Hoàn Tất,Tự động,GN672-IXWY5-J3IZE,"""589063",,"25,4",GIFTCARD,2PGSWCP0V1,Tự động,,Hoàn Tất,,
9223724,1789435737373W51J-1,G1,Steam - Gift Card,Steam Wallet 100 USD Global,1,1003839589,"125,39","6,26","119,13",,2PGSWCK0TT,1,API,,2026-09-15 08:28:58,2026-09-16 09:28:44,Gift Card,Hoàn Tất,Tự động,7QNL7-3LPYX-8T6K4,"""589066",,101,GIFTCARD,2PGSWCK0TT,Tự động,,Hoàn Tất,,
9255070,1789515133662J226-1,G1,PayPal Top Up - Gift Card,Ppal Wallet Top Up USD 1 (Global),1,1004418063,"1,29","0,06","1,23",,2PGPTUBMM8,1,API,,2026-09-16 06:32:14,2026-09-16 09:40:34,Gift Card,Hoàn Tất,Tự động,https://activatemycodes.com/bjRVMDk0Q2QxSk1KcTBzaE9RUEd2cktPRTNqQTFNNTgwZm9KTlFqb2J0bXNwS1Npa1Q1QmZzeTFtTkFTVXpNOQ==,"""589073",,"1,12",GIFTCARD,2PGPTUBMM8,Tự động,,Hoàn Tất,,
9254645,1789499193108MD9Y-1,G1,Rewarble - Gift Card,Rewarble Gift Cards EUR 25 (Global),1,1004313340,"36,5","2,18","34,32",,2PGRGCL9MI,1,API,,2026-09-16 02:06:33,2026-09-16 09:48:45,Gift Card,Hoàn Tất,Tự động,I9GJVSL23PTTF3RY,"""589076",,"29,93",GIFTCARD,2PGRGCL9MI,Tự động,,Hoàn Tất,,
9254655,1789500999718M960-1,G1,Zing Code Gift Card,"Zing Code Gift Card 50,000 VND",1,1004419372,"2,29","0,13","2,16",,2PGZCGHMCH,1,API,qtvtrangdt1,2026-09-16 02:36:40,2026-09-16 10:01:30,Gift Card,Hoàn Tất,Tự động,8HPB3B8KR,"""589080",,"1,9",GIFTCARD,2PGZCGHMCH,Tự động,,Hoàn Tất,,
9254453,1789493457010D7D7-1,G1,Bit Cash,"BitCash Gift Card JPY 1,000 (JP)",1,1002190259,"8,2","0,41","7,79",,2PGBGCN2Y9,1,API,qtvtrangdt1,2026-09-16 00:30:58,2026-09-16 10:07:54,Gift Card,Hoàn Tất,Tự động,わそるよのるぬみひふしおいのはけ,"""589081",,"6,69",GIFTCARD,2PGBGCN2Y9,Tự động,,Hoàn Tất,,
9254173,1789481722253ZM37-1,G1,Steam - Gift Card,Steam Wallet Code 25 USD (Global),1,1001544803,30,"1,5","28,5",,2PGSWCP0V1,1,API,,2026-09-15 21:15:23,2026-09-16 10:19:17,Gift Card,Hoàn Tất,Tự động,ER68N-Z8LZD-PTVLM,"""589064",,"25,4",GIFTCARD,2PGSWCP0V1,Tự động,,Hoàn Tất,,
9254310,1789486842976WJFC-1,G1,Netflix - Gift Card,Netflix - Gift Card 15 USD,1,1002605192,17,"0,85","16,15",,2PGNGCIBJ0,1,API,anhnqv,2026-09-15 22:40:44,2026-09-16 17:43:53,Gift Card,Hoàn Tất,Tự động,NAA3N6DMW5G99WQN,"""589158",,"15,19",GIFTCARD,2PGNGCIBJ0,Tự động,,Hoàn Tất,,
9280483,1789567599301PHA6-1,G1,PayPal Top Up - Gift Card,Ppal Wallet Top Up USD 1 (Global),1,1004388415,"1,29","0,06","1,23",,2PGPTUBMM8,1,API,,2026-09-16 21:06:41,2026-09-16 21:49:38,Gift Card,Hoàn Tất,Tự động,https://activatemycodes.com/T0s0YytkOEtoVExXMFlLV05aMXczZEFsQ2RHckFRVlZHMVpsaFl1WTFtZXNwS1Npa1Q1QmZzeTFtTkFTVXpNOQ==,"""589182",,"1,12",GIFTCARD,2PGPTUBMM8,Tự động,,Hoàn Tất,,
9280659,1789573469982MZ9Z-1,G1,Bit Cash,"BitCash Gift Card JPY 20,000 (JP)",1,4110981,"186,6","9,31","177,29",,2PGBGC9RMB,1,API,qtvlinhmp,2026-09-16 22:44:31,2026-09-16 23:17:35,Gift Card,Hoàn Tất,Tự động,きりろるひふれはねちるうおゆくか,"""589203",,"133,85",GIFTCARD,2PGBGC9RMB,Tự động,,Hoàn Tất,,
9281288,1789596874713JVPZ-1,G1,Amazon - Gift Card,Amazon Gift Card USD 30 (US),1,1003101723,"33,75","2,02","31,73",,2PGAGCQZV6,1,API,,2026-09-17 05:14:35,2026-09-17 08:29:32,Gift Card,Hoàn Tất,Tự động,D36S-RNZE9G-WRA8,"""589224",,"28,86",GIFTCARD,2PGAGCQZV6,Tự động,,Hoàn Tất,,
9281148,1789593608942FQCV-1,G1,Amazon - Gift Card,Amazon Gift Card USD 20 (US),1,1004418321,"22,2","1,11","21,09",,2PGAGCQQNO,1,API,,2026-09-17 04:20:10,2026-09-17 08:31:06,Gift Card,Hoàn Tất,Tự động,UAHR-GKTXTE-E7AF,"""589225",,"19,24",GIFTCARD,2PGAGCQQNO,Tự động,,Hoàn Tất,,
9281662,1789614169555H3WW-1,G1,Netflix - Gift Card,Netflix - Gift Card 15 USD,1,1003180205,"17,9","0,89","17,01",,2PGNGCIBJ0,1,API,,2026-09-17 10:02:50,2026-09-17 10:29:15,Gift Card,Hoàn Tất,Tự động,NAA3NFW5NCN7EWG6,"""589229",,"19,34",GIFTCARD,2PGNGCIBJ0,Tự động,,Hoàn Tất,,
9287343,1789620135734T70A-1,G1,Apple - Gift Card,US App Store / iTunes Gift Card 20 USD,1,1004122469,"21,5","1,07","20,43",,2PGAGC8JCQ,1,API,qtvtrangdt1,2026-09-17 11:42:16,2026-09-17 12:02:02,Gift Card,Hoàn Tất,Tự động,X9LHM87G36NCPN2X,"""589232",,"19,2",GIFTCARD,2PGAGC8JCQ,Tự động,,Hoàn Tất,,
9263487,1789537601390C2M2-1,G1,Valorant,NA 2575 Valorant Points NA- 25 USD Card,1,1003764761,26,"1,57","24,43",,2GGVGCO9SR,1,API,,2026-09-16 12:46:42,2026-09-17 12:17:18,Gift Card,Hoàn Tất,Tự động,RA-GY7RVYV89BKKT8CV,"""589237",,"23,49",GIFTCARD,2GGVGCO9SR,Tự động,,Hoàn Tất,,
9300112,1789645421510AE4R-1,G1,Amazon - Gift Card,Amazon Gift Card 25 GBP United Kingdom,1,1003366528,"41,46","2,07","39,39",,2PGAGCYO33,1,API,,2026-09-17 18:43:42,2026-09-17 19:08:55,Gift Card,Hoàn Tất,Tự động,NM9H-ZULHPR-DJBC,"""589265",,"34,91",GIFTCARD,2PGAGCYO33,Tự động,,Hoàn Tất,,
9299828,1789635391127H96H-1,G1,Razer Gold - Gift Card,Razer Gold 15 USD | USA,1,1004424579,"17,5","0,87","16,63",,2PGRGPL4L7,1,API,,2026-09-17 15:56:32,2026-09-17 19:10:44,Gift Card,Hoàn Tất,Tự động,FXAHHXRC27LNVDB6,"""589257",,"15,25",GIFTCARD,2PGRGPL4L7,Tự động,,Hoàn Tất,,
9300153,1789646846527K81G-1,G1,Apple - Gift Card,US App Store / iTunes Gift Card 100 USD,1,1004207494,"115,9","5,78","110,12",,2PGAGCSIL9,1,API,,2026-09-17 19:07:27,2026-09-17 19:30:55,Gift Card,Hoàn Tất,Tự động,X2NFV5NG6WL5T2K8,"""589273",,98,GIFTCARD,2PGAGCSIL9,Tự động,,Hoàn Tất,,
9300455,1789654970240J7GK-1,G1,PhonePe Gift Card,PhonePe Gift Card 10.000 INR,1,1004424860,131,"6,54","124,46",,2PGPGCWRJJ,1,API,,2026-09-17 21:22:51,2026-09-17 21:44:54,Gift Card,Hoàn Tất,Tự động,9092608256547613,"""589303",,"109,91",GIFTCARD,2PGPGCWRJJ,Tự động,,Hoàn Tất,,
9300489,1789656549562I98K-1,G1,Bit Cash,"BitCash Gift Card JPY 1,000 (JP)",1,1002190259,"8,2","0,41","7,79",,2PGBGCN2Y9,1,API,,2026-09-17 21:49:11,2026-09-17 22:10:51,Gift Card,Hoàn Tất,Tự động,もももねほれほろわらしいとわふこ,"""589307",,"6,67",GIFTCARD,2PGBGCN2Y9,Tự động,,Hoàn Tất,,
9301547,1789692566759HNS5-1,G1,Valorant,EU 3650 Valorant Points EU - 35 EUR,1,1004413224,"43,95","2,19","41,76",,2GGVGC7976,1,API,,2026-09-18 07:49:27,2026-09-18 08:34:59,Gift Card,Hoàn Tất,Tự động,RA-3Q7HMEW3AXKQNXDR,"""588164",,34,GIFTCARD,2GGVGC7976,Tự động,,Hoàn Tất,,
9301310,1789684274769MTU1-1,G1,Valorant,NA 2575 Valorant Points NA- 25 USD Card,1,1003520790,27,"1,62","25,38",,2GGVGCO9SR,1,API,,2026-09-18 05:31:15,2026-09-18 08:36:46,Gift Card,Hoàn Tất,Tự động,RA-HR4W38PGZCFX26EB,"""589347",,"23,49",GIFTCARD,2GGVGCO9SR,Tự động,,Hoàn Tất,,
9315001,1789712323456GB1H-1,G1,PayPal Top Up - Gift Card,Ppal Wallet Top Up USD 1 (Global),1,1002688216,"1,29","0,06","1,23",,2PGPTUBMM8,1,API,,2026-09-18 13:18:44,2026-09-18 13:26:34,Gift Card,Hoàn Tất,Tự động,https://activatemycodes.com/U2V2NklkejJlT2pHTlF4QTEweHRmR240QTYyYUlVaEZQVnNNL0UvSkxjenVnbHFTWVZIRXlvTVE5WnQ1ODFkNw==,"""589444",,"1,12",GIFTCARD,2PGPTUBMM8,Tự động,,Hoàn Tất,,
9314932,1789710588627KP0E-1,G1,Apple - Gift Card,US App Store / iTunes Gift Card 30 USD,1,1004207494,"33,35","1,66","31,69",,2PGAGC10LP,1,API,,2026-09-18 12:49:49,2026-09-18 13:27:53,Gift Card,Hoàn Tất,Tự động,XMKN9W7J3CP3DCTQ,"""589445",,"29,51",GIFTCARD,2PGAGC10LP,Tự động,,Hoàn Tất,,
9315028,1789713457447GQWM-1,G1,PayPal Top Up - Gift Card,Ppal Wallet Top Up USD 1 (Global),1,1002688216,"1,29","0,06","1,23",,2PGPTUBMM8,1,API,qtvlinhmp,2026-09-18 13:37:38,2026-09-18 13:56:09,Gift Card,Hoàn Tất,Tự động,https://activatemycodes.com/ekcyQVIwWlFrbGgxZFQwNzVQNVA0V0piZWp5S2xnNWFDdWFPTUcza1p3enVnbHFTWVZIRXlvTVE5WnQ1ODFkNw==,"""589449",,"1,12",GIFTCARD,2PGPTUBMM8,Tự động,,Hoàn Tất,,
9322832,1789717023530AI5K-1,G1,PSN - Gift card,India PSN gift card India 1000 INR,1,7475401,"14,69","0,73","13,96",,2PGPNGLR96,1,API,qtvtrangdt1,2026-09-18 14:37:04,2026-09-18 15:19:18,Gift Card,Hoàn Tất,Tự động,PTT2-LG38-Q9MH,"""589466",,"11,85",GIFTCARD,2PGPNGLR96,Tự động,,Hoàn Tất,,
9323729,1789738195051WU02-1,G1,Rewarble - Gift Card,Rewarble Gift Card USD 20 (Global),1,1004416926,51,"2,54","48,46",,2PGRGCJ67F,1,API,,2026-09-18 20:29:57,2026-09-18 20:45:03,Gift Card,Hoàn Tất,Tự động,LRHM7S7AEH687QJP,"""587815",,"20,76",GIFTCARD,2PGRGCJ67F,Tự động,,Hoàn Tất,,
9323729,1789738195051WU02-1,G1,Rewarble - Gift Card,Rewarble Gift Card USD 20 (Global),1,1004416926,0,0,0,,2PGRGCJ67F,1,API,,2026-09-18 20:29:57,2026-09-18 20:45:03,Gift Card,Hoàn Tất,Tự động,WK7A6JFVFU18R286,"""589565",,"20,76",GIFTCARD,2PGRGCJ67F,Tự động,,Hoàn Tất,,
9324613,1789765798134MJZJ-1,G1,Rewarble - Gift Card,Rewarble Super 25 GBP,1,1003950412,43,"2,15","40,85",,2PGRSG8Y4D,1,API,,2026-09-19 04:09:59,2026-09-19 09:04:12,Gift Card,Hoàn Tất,Tự động,C1S816TIU18M6SGU,"""589680",,"34,76",GIFTCARD,2PGRSG8Y4D,Tự động,,Hoàn Tất,,
9324411,1789760262535KOHP-1,G1,Bit Cash,"BitCash Gift Card JPY 2,000 (JP)",1,1004370788,"16,2","1,01","15,19",,2PGBGCB52W,1,API,qtvlinhmp,2026-09-19 02:37:43,2026-09-19 09:06:23,Gift Card,Hoàn Tất,Tự động,れせそあおてえせこきさうまねよも,"""589681",,"13,26",GIFTCARD,2PGBGCB52W,Tự động,,Hoàn Tất,,
9324138,1789750421910MS91-1,G1,Touch ‘n Go Gift Card,Touch 'n Go eWallet Reload PIN worth MYR 10 (MY),1,1003633649,"2,98","0,15","2,83",,2PGTGRYOXL,1,API,qtvlinhmp,2026-09-18 23:53:42,2026-09-19 09:08:04,Gift Card,Hoàn Tất,Tự động,5715017579,"""582676",,"2,55",GIFTCARD,2PGTGRYOXL,Tự động,,Hoàn Tất,,
9324000,1789745203926P8ST-1,G1,Steam - Gift Card,US Steam Wallet 30 USD,1,1002159648,58,"3,5","54,5",,2PGSWCZFV5,1,API,,2026-09-18 22:26:50,2026-09-19 09:51:29,Gift Card,Hoàn Tất,Tự động,"37E29-TEV8E-2QKEI ,686FV-QNBH2-MRBWQ","""589628",,"30,36",GIFTCARD,2PGSWCZFV5,Tự động,,Hoàn Tất,,
9324000,1789745203926P8ST-1,G1,Steam - Gift Card,Steam Wallet 20 USD Global,1,1002159648,0,0,0,,2PGSWC9VT6,1,API,,2026-09-18 22:26:50,2026-09-19 09:51:29,Gift Card,Hoàn Tất,Tự động,P5JLA-IT2DP-5BBV3--Z4CNQ-NYQBD-5JGPD,"""589663",,"21,05",GIFTCARD,2PGSWC9VT6,Tự động,,Hoàn Tất,,
9324000,1789745203926P8ST-1,G1,Steam - Gift Card,US Steam Wallet 30 USD,1,1002159648,0,0,0,,2PGSWCZFV5,1,API,,2026-09-18 22:26:50,2026-09-19 09:51:29,Gift Card,Hoàn Tất,Tự động,37E29-TEV8E-2QKEI--686FV-QNBH2-MRBWQ,"""589664",,"30,36",GIFTCARD,2PGSWCZFV5,Tự động,,Hoàn Tất,,
9333150,1789797311496UNU6-1,G1,Steam - Gift Card,Indonesia Steam Wallet 12000 IDR (Indonesia),2,1000084971,"1,82","0,09","1,73",,2PGSWC2ERJ,1,API,,2026-09-19 12:55:12,2026-09-19 13:09:05,Gift Card,Hoàn Tất,Tự động,HF8BT-YB8ZC-GQY3Z,"""589705",,"0,68",GIFTCARD,2PGSWC2ERJ,Tự động,,Hoàn Tất,,
9333150,1789797311496UNU6-1,G1,Steam - Gift Card,Indonesia Steam Wallet 12000 IDR (Indonesia),2,1000084971,0,0,0,,2PGSWC2ERJ,1,API,,2026-09-19 12:55:12,2026-09-19 13:09:05,Gift Card,Hoàn Tất,Tự động,ZBP5G-MQPZA-L6BDZ,"""589706",,"0,68",GIFTCARD,2PGSWC2ERJ,Tự động,,Hoàn Tất,,
9324410,1789760258675RPZY-1,G1,Steam - Gift Card,Steam Wallet Code 25 USD (Global),1,1001544803,30,"1,5","28,5",,2PGSWCP0V1,1,API,,2026-09-19 02:37:39,2026-09-19 14:05:54,Gift Card,Hoàn Tất,Tự động,8YVJV-YYPH2-M428D—0W28L-7EIYM-7GKVD,"""589708",,25,GIFTCARD,2PGSWCP0V1,Tự động,,Hoàn Tất,,
9333411,1789805798047V9AM-1,G1,PayPal Top Up - Gift Card,Ppal Wallet Top Up USD 1 (Global),1,1002172939,"1,29","0,07","1,22",,2PGPTUBMM8,1,API,,2026-09-19 15:16:39,2026-09-19 15:59:01,Gift Card,Hoàn Tất,Tự động,https://activatemycodes.com/UFZiV1YzczhnMHY2VzV4NW1BMFpROEMwcTYrQ1U5SmpkWlJETk1vU0ZpTFV4VGdhUjNsZFVQWHdWV3E0L1dldQ==,"""589714",,"1,12",GIFTCARD,2PGPTUBMM8,Tự động,,Hoàn Tất,,
9333509,1789810664276G0TQ-1,G1,Touch ‘n Go Gift Card,Touch 'n Go eWallet Reload PIN worth MYR 500 (MY),1,1003068038,"150,29","7,5","142,79",,2PGTGRZWAC,1,API,,2026-09-19 16:37:45,2026-09-19 17:13:17,Gift Card,Hoàn Tất,Tự động,6241866752,"""589735",,"127,28",GIFTCARD,2PGTGRZWAC,Tự động,,Hoàn Tất,,
9333640,1789813699783CSNS-1,G1,Rewarble - Gift Card,Rewarble Gift Card USD 20 (Global),1,1002923194,25,"1,25","23,75",,2PGRGCJ67F,1,API,anhnqv,2026-09-19 17:28:20,2026-09-19 17:59:26,Gift Card,Hoàn Tất,Tự động,7GIJY9HTKR6PWSP1,"""589740",,"20,76",GIFTCARD,2PGRGCJ67F,Tự động,,Hoàn Tất,,
9333796,1789818006198OHR8-1,G1,Rewarble - Gift Card,Rewarble Gift Cards USD 25 (Global),1,1002923194,31,"1,55","29,45",,2PGRGCUEIS,1,API,,2026-09-19 18:40:07,2026-09-19 19:14:38,Gift Card,Hoàn Tất,Tự động,4LNS62P9R1YN1VTY,"""589751",,"25,95",GIFTCARD,2PGRGCUEIS,Tự động,,Hoàn Tất,,
9333904,1789821449035EZL8-1,G1,Bit Cash,"BitCash Gift Card JPY 1,000 (JP)",1,4972551,"8,2","0,41","7,79",,2PGBGCN2Y9,1,API,anhnqv,2026-09-19 19:37:29,2026-09-19 21:40:52,Gift Card,Hoàn Tất,Tự động,きせれるとふへいのろふさはうるよ,"""589770",,"6,63",GIFTCARD,2PGBGCN2Y9,Tự động,,Hoàn Tất,,
9334372,1789834694120JSS8-1,G1,Valorant,EU 5350 Valorant Points EU - 50 EUR,1,1004275791,"61,2","3,81","57,39",,2GGVGC47WF,1,API,,2026-09-19 23:18:19,2026-09-19 23:25:02,Gift Card,Hoàn Tất,Tự động,RA-6Y7NKHJWQKDZKLXR,"""589786",,"50,23",GIFTCARD,2GGVGC47WF,Tự động,,Hoàn Tất,,
9335317,1789868983799MIYP-1,G1,Touch ‘n Go Gift Card,Touch 'n Go eWallet Reload PIN worth MYR 500 (MY),1,1002872821,210,"10,48","199,52",,2PGTGRZWAC,1,API,,2026-09-20 08:49:44,2026-09-20 10:22:22,Gift Card,Hoàn Tất,Tự động,1086121827,"""589819",,"127,31",GIFTCARD,2PGTGRZWAC,Tự động,,Hoàn Tất,,
9335317,1789868983799MIYP-1,G1,Touch ‘n Go Gift Card,Touch 'n Go eWallet Reload PIN worth MYR 200 (MY),1,1002872821,0,0,0,,2PGTGRYKZ9,1,API,,2026-09-20 08:49:44,2026-09-20 10:22:22,Gift Card,Hoàn Tất,Tự động,3727587994-PIP1615217,"""581790",,"52,48",GIFTCARD,2PGTGRYKZ9,Tự động,,Hoàn Tất,,
9334885,1789851590989X7F7-1,G1,Touch ‘n Go Gift Card,Touch 'n Go eWallet Reload PIN worth MYR 10 (MY),1,1003068038,"2,98","0,15","2,83",,2PGTGRYOXL,1,API,,2026-09-20 03:59:52,2026-09-20 10:58:50,Gift Card,Hoàn Tất,Tự động,3698578006,"""589682",,"2,54",GIFTCARD,2PGTGRYOXL,Tự động,,Hoàn Tất,,
9334388,1789835290341DTSQ-1,G1,Apple - Gift Card,US App Store / iTunes Gift Card 15 USD,1,1003829010,"17,2","0,86","16,34",,2PGAGCO24G,1,API,qtvtrangdt1,2026-09-19 23:28:11,2026-09-20 12:15:51,Gift Card,Hoàn Tất,Tự động,XDLCVM426DJK43ZL,"""589827",,"14,13",GIFTCARD,2PGAGCO24G,Tự động,,Hoàn Tất,,
9335950,1789897309267KBZT-1,G1,Valorant - Gift Card,EU 11000 Valorant Points EU - 100 EUR,1,1001093779,"130,95","7,9","123,05",,2GGVGC7A9Y,1,API,,2026-09-20 16:41:50,2026-09-20 16:50:16,Gift Card,Hoàn Tất,Tự động,RA-3J4MJKWKU9E4W28N,"""589865",,"100,23",GIFTCARD,2GGVGC7A9Y,Tự động,,Hoàn Tất,,
9334869,1789850128929CXMN-1,G1,Mastercard,Mastercard Gift Card USA - 25 USD,1,1002468419,31,31,0,,2PGMGCVN6Q,1,API,,2026-09-20 03:35:29,2026-09-20 21:17:16,Gift Card,Hoàn Tất,Tự động,https://redeem.yourdigitalreward.com/activate-code/f994db25325a42c92ff0d8706339c9a6fb02b5d7,"""589890",,"26,03",GIFTCARD,2PGMGCVN6Q,Tự động,,Hoàn Tất,,
9336306,1789912594379XWOF-1,G1,PayPal Top Up - Gift Card,Ppal Wallet Top Up USD 10 (Global),1,1002361801,"12,55","0,75","11,8",,2PGPTU9EWB,1,API,qtvlinhmp,2026-09-20 20:56:35,2026-09-20 21:18:30,Gift Card,Hoàn Tất,Tự động,https://activatemycodes.com/NDBlekhzYjdnUTNNbnJPUXBybHdIY0lna3FwN2o4LzhQcG9BVjJzSysyL1V4VGdhUjNsZFVQWHdWV3E0L1dldQ==,"""589891",,"11,06",GIFTCARD,2PGPTU9EWB,Tự động,,Hoàn Tất,,
9336524,1789919879524EDHC-1,G1,Valorant - Gift Card,EU 11000 Valorant Points EU - 100 EUR,1,1004392405,"130,95","6,53","124,42",,2GGVGC7A9Y,1,API,,2026-09-20 22:58:00,2026-09-20 23:32:52,Gift Card,Hoàn Tất,Tự động,RA-L5HTD7KYWDVYYQFS,"""589896",,"100,45",GIFTCARD,2GGVGC7A9Y,Tự động,,Hoàn Tất,,
9337409,1789954229673KHE3-1,G1,PayPal Top Up - Gift Card,Ppal Wallet Top Up USD 1 (Global),1,1004345622,"1,29","0,06","1,23",,2PGPTUBMM8,1,API,qtvanhltv,2026-09-21 08:30:31,2026-09-21 10:03:19,Gift Card,Hoàn Tất,Tự động,https://activatemycodes.com/a1prM25HM3ptZUV6WTBLQnUxWW5YWUdiUEw1bDk2Z3dUQmo3am9rZEROalV4VGdhUjNsZFVQWHdWV3E0L1dldQ==,"""589917",,"1,12",GIFTCARD,2PGPTUBMM8,Tự động,,Hoàn Tất,,
9334005,1789824222493YJDL-1,G1,Rewarble - Gift Card,Rewarble Gift Cards USD 25 (Global),1,1004432701,"33,5","1,67","31,83",,2PGRGCUEIS,1,API,,2026-09-19 20:23:43,2026-09-21 10:54:58,Gift Card,Hoàn Tất,Tự động,6MD42MPMY4QFT3Q6,"""589927",,"25,95",GIFTCARD,2PGRGCUEIS,Tự động,,Hoàn Tất,,
9344379,1790003599260RWUE-1,G1,PayPal Top Up - Gift Card,Ppal Wallet Top Up USD 1 (Global),1,1004388415,"1,59","0,08","1,51",,2PGPTUBMM8,1,API,,2026-09-21 22:13:21,2026-09-21 22:58:22,Gift Card,Hoàn Tất,Tự động,https://activatemycodes.com/c2hPcUR1MXFqaWxFMUw4cVYrMmZCV29NSDZvbzZPVFpuby9SdXNrYVBqTFV4VGdhUjNsZFVQWHdWV3E0L1dldQ==,"""590068",,"1,12",GIFTCARD,2PGPTUBMM8,Tự động,,Hoàn Tất,,
9344145,1789995716213YKNL-1,G1,PSN - Gift card,India PSN gift card India 5000 INR,1,1004441409,"204,14","10,19","193,95",,2PGPNGHDVS,1,API,anhnqv,2026-09-21 20:01:57,2026-09-21 23:59:58,Gift Card,Hoàn Tất,Tự động,GC82-N3RN-9HKL,"""590093",,"60,24",GIFTCARD,2PGPNGHDVS,Tự động,,Hoàn Tất,,
9344145,1789995716213YKNL-1,G1,PSN - Gift card,India PSN gift card India 5000 INR,1,1004441409,0,0,0,,2PGPNGHDVS,1,API,anhnqv,2026-09-21 20:01:57,2026-09-21 23:59:58,Gift Card,Hoàn Tất,Tự động,X8PN-A4RM-PERG,"""590094",,"60,24",GIFTCARD,2PGPNGHDVS,Tự động,,Hoàn Tất,,
9344145,1789995716213YKNL-1,G1,PSN - Gift card,India PSN gift card India 4000 INR,1,1004441409,0,0,0,,2PGPNG4SH8,1,API,anhnqv,2026-09-21 20:01:57,2026-09-21 23:59:58,Gift Card,Hoàn Tất,Tự động,MM4M-GR5E-4GX2,"""590095",,"50,12",GIFTCARD,2PGPNG4SH8,Tự động,,Hoàn Tất,,
9344729,1790014491644C3ZY-1,G1,Valorant,MENA 2575 Valorant Points MENA - 25 EUR,1,1004442673,"26,95","1,34","25,61",,2GGVGCP861,1,API,qtvlinhmp,2026-09-22 01:14:55,2026-09-22 09:35:43,Gift Card,Hoàn Tất,Tự động,RA-UD57AMYPB8VE8JQS,"""590115",,"23,49",GIFTCARD,2GGVGCP861,Tự động,,Hoàn Tất,,
9104404,1788655150262V20A-1,G1,Amazon - Gift Card,Amazon Gift Card USD 60 (US),1,509210,"64,5","3,22","61,28",,2PGAGCX6R1,1,API,qtvtrangdt1,2026-09-06 07:39:13,2026-09-23 09:35:40,Gift Card,Hoàn Tất,Tự động,2U2J-LATQRX-D9AH,"""590288",,"55,38",GIFTCARD,2PGAGCX6R1,Tự động,,Hoàn Tất,,
9334843,1789847985926FDQ3-1,G1,Razer Gold - Gift Card,Razer Gold 200 USD | USA,1,1004434043,285,"14,22","270,78",,2PGRGPNQJO,1,API,qtvtrangdt1,2026-09-20 02:59:47,2026-09-23 14:35:35,Gift Card,Hoàn Tất,Tự động,5XNXSJK5XVBVBV,"""590227",,"196,05",GIFTCARD,2PGRGPNQJO,Tự động,,Hoàn Tất,,
9334843,1789847985926FDQ3-1,G1,Razer Gold - Gift Card,Razer Gold 50 USD | USA,1,1004434043,0,0,0,,2PGRGPL02G,1,API,qtvtrangdt1,2026-09-20 02:59:47,2026-09-23 14:35:35,Gift Card,Hoàn Tất,Tự động,3RQGSHANZYSPBM,"""590228",,"48,6",GIFTCARD,2PGRGPL02G,Tự động,,Hoàn Tất,,